sequence_number,US,source_a,source_c,source_b,source_d,source_e,source_m,source_o,source_h,source_r,source_s,source_t,source_u,source_p,source_x,source_w,Freq,last_update_days_ago,1st_update_days_ago,Web.order,Gender.male,Address_is_res,Purchase,Spending,Partition
1,1,0,0,1,0,0,0,0,0,0,0,0,0,0,0,0,2,3662,3662,1,0,1,1,128,s
3,1,0,0,0,0,0,0,0,0,0,0,1,0,0,0,0,2,3883,3914,0,0,0,1,127,t
10,1,1,0,0,0,0,0,0,0,0,0,0,0,0,0,0,1,3215,3215,0,0,0,1,174,v
15,0,0,0,0,0,0,0,0,0,0,0,0,0,0,0,1,1,1465,1465,0,0,1,1,192,s
21,1,0,0,0,0,0,0,0,0,1,0,0,0,0,0,0,2,2943,2984,1,0,0,1,386,s
24,1,0,0,0,0,0,0,0,0,0,0,0,0,0,0,1,2,1463,1486,0,0,1,1,174,t
26,1,0,0,0,0,0,0,0,0,0,1,0,0,0,0,0,1,2460,2732,1,0,0,1,189,t
29,1,0,0,0,0,0,0,0,0,0,0,0,1,0,0,0,1,3299,3299,0,0,0,1,90,v
32,0,0,0,0,0,1,0,0,0,0,0,0,0,0,0,0,2,2947,3171,1,0,0,1,352,v
44,1,0,0,0,0,0,0,0,0,1,0,0,0,0,0,0,9,868,3138,1,0,1,1,639,t
49,1,0,0,0,0,0,0,0,0,0,0,0,1,0,0,0,2,1786,1822,0,0,0,1,41,t
53,1,1,0,0,0,0,0,0,0,0,0,0,0,0,0,0,8,106,3573,1,0,0,1,1030,t
57,1,0,0,0,0,1,0,0,0,0,0,0,0,0,0,0,5,1856,2424,0,0,1,1,362,t
58,0,0,0,0,0,1,0,0,0,0,0,0,0,0,0,0,1,2212,2212,0,0,0,1,95,s
66,1,0,0,0,0,1,0,0,0,0,0,0,0,0,0,0,3,1835,2926,1,0,0,1,80,t
71,1,0,0,0,0,0,0,0,0,0,1,0,0,0,0,0,1,3716,3716,0,0,1,1,298,v
79,1,0,0,0,0,0,0,0,0,1,0,0,0,0,0,0,1,2859,2859,1,0,0,1,161,s
82,1,0,0,0,0,0,0,0,0,0,0,0,1,0,0,0,1,2862,2906,0,0,0,1,129,s
84,1,1,0,0,0,0,0,0,0,0,0,0,0,0,0,0,2,3698,3698,1,0,0,1,98,t
86,1,0,0,1,0,0,0,0,0,0,0,0,0,0,0,0,2,2962,3243,1,0,0,1,132,v
87,1,0,0,0,0,0,0,0,0,0,0,0,0,0,0,1,2,841,1162,1,0,1,1,158,v
89,0,0,0,0,0,0,0,0,0,0,0,0,1,0,0,0,2,458,3944,1,0,0,1,248,t
90,1,0,0,0,0,0,0,0,0,0,0,0,0,0,0,1,1,1269,1269,1,0,0,1,277,v
96,1,0,0,0,0,0,0,0,0,0,0,0,1,0,0,0,1,2548,2548,1,0,0,1,230,t
100,1,0,0,0,0,1,0,0,0,0,0,0,0,0,0,0,3,822,1850,1,0,1,1,287,s
106,0,0,0,0,0,0,0,0,0,0,0,0,1,0,0,0,1,2807,2807,1,0,0,1,405,s
115,1,0,0,0,0,0,0,0,0,0,0,0,1,0,0,0,6,1128,3791,1,0,1,1,404,t
119,1,0,1,0,0,0,0,0,0,0,0,0,0,0,0,0,1,2404,2404,0,0,0,1,114,v
123,1,1,0,0,0,0,0,0,0,0,0,0,0,0,0,0,1,1154,1154,0,0,1,1,205,v
129,1,0,0,0,0,0,0,0,0,0,0,0,1,0,0,0,2,785,814,1,0,0,1,206,t
132,1,0,0,0,0,0,0,0,0,0,0,0,0,0,0,0,5,617,3548,0,0,0,1,356,s
133,1,0,0,1,0,0,0,0,0,0,0,0,0,0,0,0,1,3009,3009,0,0,1,1,129,v
146,1,0,0,0,0,0,0,0,0,0,0,0,1,0,0,0,1,1109,1109,0,0,0,1,21,v
147,1,1,0,0,0,0,0,0,0,0,0,0,0,0,0,0,5,2268,3791,0,0,0,1,605,v
148,1,0,0,0,0,0,0,0,0,0,0,0,0,0,0,1,1,1147,1147,1,0,0,1,164,t
149,1,1,0,0,0,0,0,0,0,0,0,0,0,0,0,0,2,2425,3914,0,0,0,1,130,s
150,1,1,0,0,0,0,0,0,0,0,0,0,0,0,0,0,1,2296,2296,0,0,0,1,161,t
152,1,0,0,0,0,0,0,0,0,1,0,0,0,0,0,0,2,1016,1030,1,0,0,1,451,s
159,1,1,0,0,0,0,0,0,0,0,0,0,0,0,0,0,2,3074,3145,1,0,0,1,163,t
164,1,0,0,0,0,0,0,0,0,0,0,0,1,0,0,0,1,2632,2632,1,0,0,1,140,v
166,0,0,0,0,0,0,0,0,0,0,0,0,1,0,0,0,2,3543,3556,0,0,0,1,129,t
170,1,0,0,0,0,0,0,0,0,0,0,0,0,0,0,1,2,969,974,0,0,1,1,43,s
172,0,0,0,0,0,0,0,0,0,0,0,0,0,0,0,1,1,364,364,1,0,0,1,249,t
178,1,0,0,0,0,1,0,0,0,0,0,0,0,0,0,0,1,1890,1890,1,0,0,1,77,t
180,1,0,0,0,1,0,0,0,0,0,0,0,0,0,0,0,3,2347,3276,0,0,0,1,219,v
182,1,1,0,0,0,0,0,0,0,0,0,0,0,0,0,0,2,3772,3822,1,0,0,1,149,v
183,0,0,0,0,0,0,0,0,0,0,0,0,1,0,0,0,2,3583,3622,1,0,0,1,140,v
187,1,0,0,0,0,1,0,0,0,0,0,0,0,0,0,0,3,1689,1800,0,0,1,1,108,t
191,1,0,0,0,0,0,0,0,0,0,0,0,1,0,0,0,1,1906,3521,1,0,0,1,50,s
192,1,0,0,0,0,1,0,0,0,0,0,0,0,0,0,0,1,2408,2408,1,0,0,1,54,v
194,1,1,0,0,0,0,0,0,0,0,0,0,0,0,0,0,1,2947,2947,0,0,0,1,80,v
204,1,0,0,0,0,0,0,0,0,1,0,0,0,0,0,0,1,583,594,0,0,0,1,412,s
208,1,0,0,0,1,0,0,0,0,0,0,0,0,0,0,0,1,3270,3270,1,0,0,1,153,s
210,1,0,0,0,0,0,0,0,0,0,0,0,1,0,0,0,1,1567,1567,1,0,0,1,32,v
211,1,1,0,0,0,0,0,0,0,0,0,0,0,0,0,0,2,2404,4036,1,0,0,1,187,t
212,1,0,0,0,0,0,0,0,0,0,0,0,0,0,0,1,1,906,906,0,0,0,1,80,t
213,1,0,0,0,0,0,0,0,0,0,0,0,0,0,0,1,2,1577,1589,1,0,0,1,277,s
217,0,0,0,0,0,1,0,0,0,0,0,0,0,0,0,0,4,511,1815,1,0,0,1,268,t
221,1,0,0,0,0,1,0,0,0,0,0,0,0,0,0,0,2,2201,2558,0,0,0,1,164,v
224,0,0,0,0,0,0,0,0,0,0,0,0,0,0,0,1,2,583,1060,1,0,0,1,69,v
227,1,0,0,0,0,0,0,0,0,0,0,0,1,0,0,0,1,2081,2081,1,0,1,1,130,s
228,0,0,0,0,0,0,0,0,0,0,0,0,0,0,0,1,1,2541,2541,0,0,0,1,174,s
229,1,1,0,0,0,0,0,0,0,0,0,0,0,0,0,0,3,2205,3390,0,0,0,1,36,v
232,1,1,0,0,0,0,0,0,0,0,0,0,0,0,0,0,1,2996,2996,1,0,0,1,184,v
233,0,0,0,0,0,1,0,0,0,0,0,0,0,0,0,0,1,1701,1701,0,0,0,1,110,t
235,1,0,0,0,0,1,0,0,0,0,0,0,0,0,0,0,2,2802,2834,1,0,0,1,130,s
236,1,0,0,0,0,0,0,0,0,0,0,1,0,0,0,0,1,1946,1946,1,0,0,1,130,s
246,0,0,0,0,0,0,0,0,0,0,0,0,1,0,0,0,1,772,772,0,0,0,1,80,s
247,1,0,0,0,0,1,0,0,0,0,0,0,0,0,0,0,2,2194,2506,0,0,1,1,161,v
250,1,1,0,0,0,0,0,0,0,0,0,0,0,0,0,0,2,2080,2109,1,0,1,1,35,s
253,1,0,0,0,0,1,0,0,0,0,0,0,0,0,0,0,1,962,2905,0,0,0,1,141,v
260,1,0,0,0,0,0,0,0,0,0,0,0,0,0,0,1,1,58,58,1,0,0,1,99,t
262,1,0,1,0,0,0,0,0,0,0,0,0,0,0,0,0,1,2960,2999,0,0,0,1,130,s
263,1,0,0,0,0,0,0,0,0,0,0,0,1,0,0,0,2,1882,3883,1,0,0,1,210,v
265,1,0,0,0,0,1,0,0,0,0,0,0,0,0,0,0,2,2163,2228,0,0,0,1,107,t
266,0,0,0,0,0,0,0,0,0,0,0,0,0,0,0,1,1,1683,1683,0,0,0,1,85,s
268,1,0,0,0,0,0,0,0,0,0,0,0,0,0,0,1,2,304,311,1,0,0,1,303,t
269,1,0,0,1,0,0,0,0,0,0,0,0,0,0,0,0,4,1134,3566,1,0,0,1,271,t
270,1,0,0,0,0,0,0,0,0,0,0,0,0,0,0,1,1,1361,1361,0,0,0,1,1250,t
271,1,0,0,0,0,0,1,0,0,0,0,0,0,0,0,0,2,1204,1262,0,0,0,1,81,t
272,1,0,0,0,0,0,0,0,0,0,0,0,1,0,0,0,1,4065,4065,0,0,0,1,32,v
280,1,0,0,0,0,1,0,0,0,0,0,0,0,0,0,0,4,1879,1953,0,0,0,1,164,t
282,1,0,0,0,0,0,0,0,0,0,1,0,0,0,0,0,2,1786,1835,1,0,0,1,95,t
283,1,0,0,0,0,0,0,0,0,0,0,0,1,0,0,0,4,1129,2348,0,0,0,1,280,t
284,1,0,0,0,0,0,0,0,0,1,0,0,0,0,0,0,2,1899,2233,0,0,1,1,166,s
286,1,0,0,0,0,0,0,0,0,0,0,0,0,0,1,0,1,1162,1162,1,0,1,1,164,s
288,1,0,0,0,0,1,0,0,0,0,0,0,0,0,0,0,1,2478,2478,0,0,0,1,136,t
290,0,0,0,0,0,0,0,0,0,0,0,0,0,0,0,1,2,1130,1147,0,0,0,1,309,v
292,1,0,0,0,0,1,0,0,0,0,0,0,0,0,0,0,2,2891,3166,1,0,1,1,143,t
293,1,0,0,0,0,0,0,0,0,0,0,1,0,0,0,0,1,2599,2599,1,0,0,1,130,v
297,0,0,0,0,0,0,0,0,0,0,0,0,1,0,0,0,3,283,640,0,0,0,1,405,s
299,1,0,0,0,1,0,0,0,0,0,0,0,0,0,0,0,1,3025,3025,1,0,0,1,153,v
300,1,0,0,0,1,0,0,0,0,0,0,0,0,0,0,0,2,1175,2299,0,0,0,1,44,s
302,0,0,1,0,0,0,0,0,0,0,0,0,0,0,0,0,1,2767,2767,1,0,0,1,124,t
303,1,0,0,0,0,1,0,0,0,0,0,0,0,0,0,0,1,1690,1690,0,0,0,1,90,v
304,1,0,0,0,0,0,0,0,0,0,0,0,0,0,0,1,1,1666,1666,0,0,0,1,165,v
305,0,0,0,0,0,0,0,0,0,0,0,0,0,1,0,0,1,2793,2793,1,0,0,1,170,v
308,1,0,0,0,0,0,0,0,0,0,0,0,0,0,0,1,1,1290,1290,0,0,0,1,112,v
309,0,0,0,0,0,1,0,0,0,0,0,0,0,0,0,0,1,1626,1626,0,0,0,1,165,v
310,1,0,0,0,0,0,0,0,0,0,0,0,1,0,0,0,1,1968,1968,1,0,0,1,255,t
311,1,0,0,0,0,0,0,1,0,0,0,0,0,0,0,0,1,2305,3745,1,0,0,1,60,t
313,1,0,0,0,0,1,0,0,0,0,0,0,0,0,0,0,4,526,1779,1,0,1,1,427,t
317,0,0,0,0,0,0,0,0,0,0,0,0,0,0,0,0,1,408,2604,0,0,1,1,188,v
320,0,0,0,0,0,0,0,0,0,0,0,0,1,0,0,0,3,3398,3522,1,0,0,1,192,v
321,0,1,0,0,0,0,0,0,0,0,0,0,0,0,0,0,2,3479,3975,0,0,1,1,189,v
327,1,0,0,0,0,0,0,0,1,0,0,0,0,0,0,0,2,1582,1603,1,0,1,1,3,v
331,1,0,0,0,0,0,0,0,0,0,0,0,1,0,0,0,1,2758,2758,1,0,0,1,161,t
341,1,0,0,0,0,0,0,0,0,0,0,0,0,0,0,1,2,916,919,1,0,1,1,43,t
344,1,0,0,0,0,0,0,0,0,0,0,0,1,0,0,0,1,1864,1864,0,0,0,1,30,v
345,0,0,0,0,0,0,0,0,0,0,0,0,0,0,0,1,2,295,302,0,0,0,1,164,t
355,0,0,0,0,0,0,0,0,0,0,0,0,0,1,0,0,3,1134,3464,0,0,1,1,314,v
369,1,0,0,0,0,1,0,0,0,0,0,0,0,0,0,0,3,2016,2424,1,0,0,1,1353,t
371,1,0,0,0,0,0,0,0,0,0,1,0,0,0,0,0,1,3146,3146,1,0,0,1,10,t
374,1,0,0,1,0,0,0,0,0,0,0,0,0,0,0,0,1,3248,3248,0,0,1,1,132,t
378,1,0,0,0,0,0,0,0,0,0,1,0,0,0,0,0,3,2201,2254,0,0,0,1,99,v
379,1,0,0,0,0,1,0,0,0,0,0,0,0,0,0,0,1,2529,2529,1,0,0,1,35,t
381,1,0,0,0,0,0,0,0,0,0,0,0,1,0,0,0,2,3283,3306,1,0,0,1,128,s
384,0,0,0,0,0,0,0,0,0,1,0,0,0,0,0,0,3,479,2578,0,0,0,1,459,t
388,1,0,0,0,0,0,0,0,0,0,1,0,0,0,0,0,2,2072,2102,0,0,0,1,105,t
391,1,0,0,0,1,0,0,0,0,0,0,0,0,0,0,0,1,3278,3278,1,0,0,1,153,t
394,1,1,0,0,0,0,0,0,0,0,0,0,0,0,0,0,3,3583,4188,0,0,0,1,205,v
407,1,0,1,0,0,0,0,0,0,0,0,0,0,0,0,0,1,2404,2404,0,0,0,1,114,t
409,1,0,0,0,0,0,1,0,0,0,0,0,0,0,0,0,1,906,906,1,0,1,1,141,v
410,1,0,0,0,0,0,0,0,0,0,0,0,1,0,0,0,2,1498,1536,1,0,1,1,40,v
412,0,0,0,0,0,0,0,0,0,1,0,0,0,0,0,0,2,2744,2758,1,0,0,1,86,t
420,1,0,0,0,0,1,0,0,0,0,0,0,0,0,0,0,2,247,2361,0,0,0,1,324,v
424,1,0,0,0,1,0,0,0,0,0,0,0,0,0,0,0,4,1122,3791,0,0,0,1,274,t
425,0,1,0,0,0,0,0,0,0,0,0,0,0,0,0,0,3,1137,3125,0,0,1,1,287,v
428,1,0,1,0,0,0,0,0,0,0,0,0,0,0,0,0,1,3125,3125,1,0,0,1,103,t
431,1,0,1,0,0,0,0,0,0,0,0,0,0,0,0,0,2,216,3125,1,0,0,1,134,t
437,1,0,0,0,0,1,0,0,0,0,0,0,0,0,0,0,2,1130,1779,0,0,0,1,252,s
438,0,0,0,0,0,0,0,0,0,0,0,0,0,0,0,1,1,1612,1612,0,0,0,1,43,t
439,1,1,0,0,0,0,0,0,0,0,0,0,0,0,0,0,3,1568,2935,1,0,0,1,344,v
447,1,0,0,0,0,1,0,0,0,0,0,0,0,0,0,0,1,2249,2249,0,0,0,1,54,v
450,1,0,0,0,0,1,0,0,0,0,0,0,0,0,0,0,1,1890,2361,0,0,0,1,85,t
454,1,0,0,0,0,0,0,0,0,0,0,0,1,0,0,0,1,2772,2772,1,0,0,1,135,v
455,1,0,0,0,0,0,0,0,0,0,0,0,1,0,0,0,2,1261,2137,0,0,0,1,44,v
457,1,0,0,0,0,0,0,0,0,0,0,0,0,1,0,0,2,3590,4005,1,0,0,1,116,s
458,1,1,0,0,0,0,0,0,0,0,0,0,0,0,0,0,2,1120,3157,1,0,1,1,172,v
459,1,0,0,0,0,0,0,1,0,0,0,0,0,0,0,0,3,1570,3746,1,0,0,1,104,v
461,1,0,0,0,0,0,0,0,0,0,0,0,1,0,0,0,1,2977,2978,0,0,0,1,70,t
462,0,0,0,0,0,0,0,0,0,0,0,0,0,0,0,1,2,458,583,1,0,0,1,271,v
467,1,1,0,0,0,0,0,0,0,0,0,0,0,0,0,0,1,2991,2991,1,0,1,1,184,v
471,1,1,0,0,0,0,0,0,0,0,0,0,0,0,0,0,1,2102,2102,1,0,0,1,161,t
476,1,1,0,0,0,0,0,0,0,0,0,0,0,0,0,0,1,2999,2999,1,0,0,1,34,t
481,1,0,0,0,0,0,0,0,1,0,0,0,0,0,0,0,3,301,1036,0,0,0,1,1249,t
487,1,0,0,0,0,0,0,0,0,0,0,0,1,0,0,0,1,113,113,1,0,0,1,308,v
488,1,0,0,0,0,0,0,0,0,0,0,0,1,0,0,0,4,1653,1934,1,0,1,1,192,t
492,0,0,0,0,0,1,0,0,0,0,0,0,0,0,0,0,2,1976,2129,0,0,0,1,43,v
493,1,0,0,0,0,0,0,0,0,0,0,0,1,0,0,0,5,240,2900,0,0,1,1,588,t
494,1,1,0,0,0,0,0,0,0,0,0,0,0,0,0,0,4,2481,3654,1,0,0,1,160,s
496,1,1,0,0,0,0,0,0,0,0,0,0,0,0,0,0,2,2812,3944,0,0,0,1,183,t
498,1,0,0,0,0,0,0,0,0,0,0,0,1,0,0,0,3,2052,2837,0,0,0,1,200,s
499,1,0,0,0,0,0,0,0,0,1,0,0,0,0,0,0,2,2746,3047,1,0,1,1,182,v
511,1,1,0,0,0,0,0,0,0,0,0,0,0,0,0,0,1,3020,3020,1,0,0,1,129,t
518,1,0,0,0,1,0,0,0,0,0,0,0,0,0,0,0,2,3718,3718,0,0,0,1,98,v
519,1,0,0,0,0,1,0,0,0,0,0,0,0,0,0,0,2,1379,1400,0,0,1,1,63,v
522,0,0,0,0,0,0,0,0,0,0,0,0,0,0,0,1,1,206,206,1,0,0,1,264,t
526,1,0,0,0,0,0,0,0,0,1,0,0,0,0,0,0,1,1792,1792,1,0,0,1,167,s
528,1,0,0,0,0,0,0,0,0,0,0,0,1,0,0,0,1,2607,2607,1,0,0,1,6,t
533,0,0,0,0,0,0,0,0,0,0,0,0,1,0,0,0,1,17,17,1,0,0,1,94,s
541,0,0,0,0,0,0,0,0,0,0,0,0,1,0,0,0,2,1995,2009,1,0,1,1,243,s
545,1,0,0,0,0,0,0,0,0,0,0,0,1,0,0,0,1,3027,3027,1,0,0,1,96,v
553,0,0,0,0,0,0,0,0,0,0,0,0,0,0,0,1,5,519,1890,1,0,0,1,585,t
555,0,0,0,0,0,0,0,0,0,1,0,0,0,0,0,0,2,2142,2145,0,0,1,1,174,v
556,1,0,0,0,0,0,0,0,0,0,0,0,0,0,0,1,1,597,597,1,0,0,1,240,s
559,1,0,0,0,0,0,0,0,0,0,0,0,0,0,0,1,1,1168,1168,1,0,0,1,40,s
562,1,0,1,0,0,0,0,0,0,0,0,0,0,0,0,0,2,1995,2024,1,0,1,1,117,v
567,1,0,0,1,0,0,0,0,0,0,0,0,0,0,0,0,3,2872,3312,1,0,0,1,122,t
568,1,0,0,0,0,0,0,0,0,0,0,0,0,0,0,1,1,1795,1795,0,0,0,1,230,v
569,1,0,0,0,0,0,0,0,0,0,0,0,0,0,0,1,1,581,581,1,0,0,1,331,v
578,1,0,0,0,0,0,0,0,0,0,0,0,0,0,0,1,2,1646,1717,1,0,1,1,130,s
579,1,0,0,0,0,0,0,0,0,0,0,0,0,0,0,1,1,2564,2564,0,0,0,1,130,s
580,1,1,0,0,0,0,0,0,0,0,0,0,0,0,0,0,2,3374,3374,1,0,1,1,128,v
582,1,1,0,0,0,0,0,0,0,0,0,0,0,0,0,0,3,1134,3125,1,0,0,1,406,v
586,1,0,0,0,0,0,1,0,0,0,0,0,0,0,0,0,2,3642,3642,0,0,0,1,129,v
587,0,0,0,0,0,0,0,0,0,0,0,0,0,0,0,1,3,260,1038,0,0,1,1,135,t
588,1,1,0,0,0,0,0,0,0,0,0,0,0,0,0,0,2,3914,4005,0,0,1,1,581,s
589,0,0,0,0,0,0,0,0,0,0,0,0,1,0,0,0,2,3521,3521,0,0,0,1,53,s
590,1,0,0,0,0,0,0,0,0,0,0,0,1,0,0,0,2,1850,1899,0,0,0,1,35,t
592,1,0,0,0,0,0,0,0,0,0,0,0,1,0,0,0,1,2257,2257,1,0,0,1,91,t
597,1,0,0,0,0,1,0,0,0,0,0,0,0,0,0,0,1,2445,2445,1,0,1,1,35,v
602,1,1,0,0,0,0,0,0,0,0,0,0,0,0,0,0,1,3199,3199,1,0,0,1,159,s
603,1,1,0,0,0,0,0,0,0,0,0,0,0,0,0,0,1,2781,2781,1,0,0,1,130,t
612,0,0,0,0,0,0,0,0,0,0,0,0,1,0,0,0,1,2962,3131,0,0,0,1,136,s
618,1,1,0,0,0,0,0,0,0,0,0,0,0,0,0,0,12,520,3944,1,0,0,1,1195,v
621,0,0,0,0,0,0,0,0,0,0,0,0,1,0,0,0,1,1491,1491,0,0,0,1,57,t
623,1,0,0,0,0,0,0,0,0,0,0,0,1,0,0,0,1,717,717,1,0,0,1,30,s
624,1,0,0,0,1,0,0,0,0,0,0,0,0,0,0,0,3,3740,3760,0,0,0,1,98,v
627,1,0,0,0,0,0,0,0,0,0,0,1,0,0,0,0,2,3213,3222,1,0,1,1,34,s
628,1,0,1,0,0,0,0,0,0,0,0,0,0,0,0,0,1,1554,1554,0,0,0,1,277,t
649,1,0,0,0,0,0,1,0,0,0,0,0,0,0,0,0,2,3381,3381,1,0,0,1,98,t
650,1,1,0,0,0,0,0,0,0,0,0,0,0,0,0,0,1,3158,3158,0,0,0,1,34,t
665,1,0,1,0,0,0,0,0,0,0,0,0,0,0,0,0,2,490,2017,1,0,0,1,276,v
667,0,0,0,0,0,1,0,0,0,0,0,0,0,0,0,0,1,2487,2487,1,0,0,1,163,s
676,0,0,0,0,0,0,0,0,0,0,0,0,0,0,0,1,1,1017,1017,0,0,0,1,197,v
681,1,1,0,0,0,0,0,0,0,0,0,0,0,0,0,0,4,2807,3683,1,0,1,1,239,t
682,1,1,0,0,0,0,0,0,0,0,0,0,0,0,0,0,1,3041,3041,1,0,0,1,30,v
687,1,0,0,0,0,0,0,0,0,0,0,1,0,0,0,0,2,2723,2752,0,0,0,1,161,s
691,1,0,0,0,0,1,0,0,0,0,0,0,0,0,0,0,1,709,709,1,0,0,1,160,v
693,1,0,0,0,0,0,0,0,0,1,0,0,0,0,0,0,1,1673,1673,1,0,0,1,129,v
696,1,0,0,0,0,1,0,0,0,0,0,0,0,0,0,0,3,1248,1970,0,0,1,1,202,t
697,1,0,0,0,0,0,0,0,0,0,0,0,1,0,0,0,1,3883,3883,1,0,0,1,97,t
703,1,1,0,0,0,0,0,0,0,0,0,0,0,0,0,0,1,2941,2968,0,0,0,1,285,s
708,1,0,0,0,1,0,0,0,0,0,0,0,0,0,0,0,2,2466,3283,1,0,0,1,188,v
712,1,0,0,0,0,0,0,0,0,0,0,0,0,0,0,1,2,1563,1793,0,0,0,1,160,v
716,1,1,0,0,0,0,0,0,0,0,0,0,0,0,0,0,2,465,2438,1,0,1,1,260,v
729,1,1,0,0,0,0,0,0,0,0,0,0,0,0,0,0,1,4036,4036,0,0,0,1,65,s
733,1,1,0,0,0,0,0,0,0,0,0,0,0,0,0,0,2,1120,2039,1,0,0,1,193,v
734,1,0,0,0,0,0,0,0,0,0,0,0,0,0,0,1,2,1498,1512,1,0,1,1,344,v
739,0,0,0,0,0,0,0,0,1,0,0,0,0,0,0,0,3,1436,1499,1,0,1,1,192,t
740,1,0,0,0,0,1,0,0,0,0,0,0,0,0,0,0,2,1625,1661,0,0,0,1,169,t
744,1,1,0,0,0,0,0,0,0,0,0,0,0,0,0,0,3,1130,3664,0,0,0,1,274,t
745,1,0,0,0,1,0,0,0,0,0,0,0,0,0,0,0,3,3583,3768,0,0,0,1,100,t
750,1,1,0,0,0,0,0,0,0,0,0,0,0,0,0,0,4,567,3883,1,0,1,1,410,v
754,1,0,0,0,0,0,0,0,0,0,0,1,0,0,0,0,1,4157,4188,1,0,0,1,33,s
755,1,0,0,1,0,0,0,0,0,0,0,0,0,0,0,0,2,3436,3458,0,0,0,1,98,v
761,1,0,0,0,1,0,0,0,0,0,0,0,0,0,0,0,3,3570,3613,1,0,0,1,98,v
765,0,0,0,0,0,0,0,0,1,0,0,0,0,0,0,0,3,1442,1583,0,0,1,1,79,t
775,1,0,0,0,0,0,0,0,0,0,1,0,0,0,0,0,1,1991,2004,0,0,0,1,103,t
777,0,0,0,0,0,0,0,0,0,0,0,0,0,0,0,1,2,822,1091,1,0,0,1,71,t
783,1,0,0,0,0,0,0,0,0,0,0,0,0,0,0,1,2,1710,1752,0,0,1,1,167,t
816,0,0,0,0,0,1,0,0,0,0,0,0,0,0,0,0,2,2571,2702,0,0,0,1,174,s
826,1,0,1,0,0,0,0,0,0,0,0,0,0,0,0,0,2,807,2758,1,0,0,1,114,v
830,1,1,0,0,0,0,0,0,0,0,0,0,0,0,0,0,4,218,2278,1,0,0,1,581,t
840,1,0,0,0,0,0,0,0,0,0,0,0,1,0,0,0,2,1618,1654,1,0,1,1,40,t
843,1,0,0,0,0,0,0,0,0,0,0,0,0,1,0,0,3,3573,4036,0,0,0,1,440,t
846,1,0,0,0,0,0,0,0,0,0,0,1,0,0,0,0,1,1277,1277,1,0,0,1,164,t
855,1,0,0,1,0,0,0,0,0,0,0,0,0,0,0,0,2,2975,2984,0,0,0,1,160,s
856,1,0,0,0,0,1,0,0,0,0,0,0,0,0,0,0,4,610,2402,0,0,1,1,317,v
863,1,1,0,0,0,0,0,0,0,0,0,0,0,0,0,0,1,3822,3822,1,0,0,1,65,s
875,1,0,0,0,1,0,0,0,0,0,0,0,0,0,0,0,3,2438,3768,1,0,1,1,227,s
882,0,0,0,0,0,0,0,0,0,0,0,0,1,0,0,0,2,2418,2436,0,0,0,1,263,v
887,1,0,0,0,0,1,0,0,0,0,0,0,0,0,0,0,2,1780,1792,1,0,1,1,130,s
894,1,0,0,0,0,1,0,0,0,0,0,0,0,0,0,0,2,1465,2138,0,0,0,1,228,v
895,1,1,0,0,0,0,0,0,0,0,0,0,0,0,0,0,3,822,3019,0,0,0,1,421,v
896,1,0,0,0,0,0,0,0,0,0,0,0,0,0,0,1,2,216,651,1,0,0,1,43,t
898,1,0,0,0,0,0,0,0,0,1,0,0,0,0,0,0,1,2544,2544,1,0,0,1,130,t
902,1,0,0,0,0,0,0,0,0,0,0,0,1,0,0,0,1,2508,2508,0,0,0,1,9,t
905,1,0,0,0,1,0,0,0,0,0,0,0,0,0,0,0,8,1030,3269,1,0,0,1,819,v
906,0,0,0,0,0,0,0,1,0,0,0,0,0,0,0,0,1,3578,3746,1,0,1,1,130,t
909,1,0,0,0,0,0,0,0,0,0,0,0,1,0,0,0,1,2962,3250,0,0,0,1,68,v
915,1,1,0,0,0,0,0,0,0,0,0,0,0,0,0,0,2,2527,3758,0,0,0,1,10,t
919,1,1,0,0,0,0,0,0,0,0,0,0,0,0,0,0,13,281,4005,1,0,0,1,1443,v
923,1,0,0,0,0,0,0,0,0,0,0,1,0,0,0,0,3,2814,2921,0,0,0,1,162,t
924,1,1,0,0,0,0,0,0,0,0,0,0,0,0,0,0,1,2107,2107,1,0,0,1,130,v
929,1,1,0,0,0,0,0,0,0,0,0,0,0,0,0,0,7,2842,3883,1,0,0,1,1393,s
937,0,0,0,0,0,0,0,0,0,1,0,0,0,0,0,0,1,2053,2053,0,0,0,1,345,v
946,1,0,0,0,0,1,0,0,0,0,0,0,0,0,0,0,1,2530,2625,0,0,0,1,136,t
948,1,0,0,0,0,0,0,0,0,0,0,0,1,0,0,0,1,4096,4096,0,0,1,1,97,t
950,1,0,0,0,0,0,0,0,0,0,0,1,0,0,0,0,3,2962,3230,1,0,0,1,162,t
952,1,0,0,0,0,0,0,0,0,0,0,0,0,0,1,0,1,4096,4096,1,0,0,1,128,t
954,1,0,0,0,0,0,0,0,0,0,0,0,0,0,0,1,1,1288,1288,1,0,1,1,30,s
955,1,0,0,0,0,0,0,0,0,0,0,1,0,0,0,0,7,1502,3066,0,0,1,1,347,v
959,1,0,0,0,0,0,0,0,0,0,0,0,0,0,0,1,3,91,1472,1,0,0,1,1370,s
962,1,0,0,1,0,0,0,0,0,0,0,0,0,0,0,0,3,2284,3822,1,0,0,1,271,s
964,1,0,0,0,0,1,0,0,0,0,0,0,0,0,0,0,3,2799,2848,1,0,0,1,104,t
967,0,0,1,0,0,0,0,0,0,0,0,0,0,0,0,0,1,216,216,1,0,0,1,8,v
969,1,0,1,0,0,0,0,0,0,0,0,0,0,0,0,0,1,2404,2404,0,0,0,1,114,s
979,0,0,0,0,0,0,0,0,0,0,0,1,0,0,0,0,1,3222,3222,0,0,0,1,33,t
980,1,1,0,0,0,0,0,0,0,0,0,0,0,0,0,0,11,220,2892,0,0,0,1,1227,t
993,0,0,0,0,0,0,0,0,0,0,0,0,1,0,0,0,1,2648,2648,0,0,0,1,46,t
994,1,0,0,0,0,0,0,0,0,0,0,0,0,0,0,1,1,868,868,1,0,0,1,43,v
996,1,0,1,0,0,0,0,0,0,0,0,0,0,0,0,0,4,442,2040,1,0,0,1,350,t
998,1,0,0,0,1,0,0,0,0,0,0,0,0,0,0,0,8,1130,3459,1,0,1,1,559,v
1006,1,1,0,0,0,0,0,0,0,0,0,0,0,0,0,0,3,1242,2107,0,0,1,1,165,s
1008,0,0,0,0,0,1,0,0,0,0,0,0,0,0,0,0,2,469,2499,0,0,0,1,338,s
1025,1,0,0,0,0,0,0,0,0,0,0,0,0,0,0,1,2,549,701,0,0,0,1,215,v
1026,1,0,0,0,0,0,0,0,0,0,0,0,0,0,1,0,4,2052,2457,1,0,0,1,355,v
1028,1,1,0,0,0,0,0,0,0,0,0,0,0,0,0,0,1,3360,3360,1,0,0,1,128,t
1033,1,1,0,0,0,0,0,0,0,0,0,0,0,0,0,0,6,1122,2681,0,0,1,1,425,s
1035,1,0,0,0,0,1,0,0,0,0,0,0,0,0,0,0,5,534,2400,0,0,0,1,361,t
1053,1,1,0,0,0,0,0,0,0,0,0,0,0,0,0,0,1,3067,3067,0,0,0,1,229,v
1056,1,1,0,0,0,0,0,0,0,0,0,0,0,0,0,0,2,442,1134,0,0,0,1,138,v
1060,0,0,0,0,0,0,0,0,0,0,0,0,1,0,0,0,5,1340,3045,1,0,0,1,262,v
1062,0,0,0,0,0,0,0,0,0,0,0,0,0,0,0,1,1,912,912,0,0,0,1,551,s
1064,1,0,0,0,0,1,0,0,0,0,0,0,0,0,0,0,2,1379,2927,1,0,1,1,63,s
1068,1,0,1,0,0,0,0,0,0,0,0,0,0,0,0,0,1,1261,1261,1,0,1,1,44,v
1069,1,0,0,0,0,0,0,0,0,0,0,0,0,0,0,1,2,1379,1401,0,0,1,1,193,s
1073,1,0,0,1,0,0,0,0,0,0,0,0,0,0,0,0,1,3339,3356,1,0,0,1,38,v
1084,1,0,0,0,0,1,0,0,0,0,0,0,0,0,0,0,2,2257,2263,1,0,0,1,264,s
1086,1,0,0,0,0,0,0,0,1,0,0,0,0,0,0,0,2,1882,1933,1,0,1,1,4,t
1087,1,1,0,0,0,0,0,0,0,0,0,0,0,0,0,0,2,3608,3608,1,0,0,1,22,t
1089,1,0,0,0,0,0,0,0,0,0,0,0,0,0,0,0,2,490,2829,0,0,0,1,204,t
1098,0,0,0,0,0,0,0,0,0,0,0,0,1,0,0,0,7,700,3215,1,0,1,1,438,t
1099,1,0,0,0,0,0,0,0,0,1,0,0,0,0,0,0,6,239,2296,1,0,0,1,1161,v
1107,1,0,0,0,0,1,0,0,0,0,0,0,0,0,0,0,3,1109,1764,0,0,1,1,173,s
1109,1,0,0,0,0,0,0,0,0,0,1,0,0,0,0,0,1,2327,2327,0,0,1,1,158,s
1116,0,0,0,0,0,0,0,0,0,1,0,0,0,0,0,0,1,372,2383,0,0,0,1,149,v
1118,1,0,0,0,0,0,0,0,0,0,0,0,1,0,0,0,1,556,556,1,0,0,1,174,t
1136,1,0,0,0,0,0,0,0,0,0,0,0,1,0,0,0,7,360,3027,1,0,0,1,1305,v
1139,0,0,0,0,0,0,0,0,0,0,0,0,0,0,0,1,3,835,1091,1,0,0,1,241,v
1142,1,0,0,1,0,0,0,0,0,0,0,0,0,0,0,0,1,3292,3292,0,0,0,1,128,v
1144,1,0,0,0,0,0,0,0,0,0,0,0,1,0,0,0,1,1619,1619,1,0,0,1,20,v
1146,1,0,0,0,0,0,0,0,0,0,0,0,1,0,0,0,1,2739,2739,0,0,0,1,8,v
1147,1,0,0,0,0,0,0,0,0,0,0,0,1,0,0,0,4,1877,2019,0,0,0,1,255,s
1149,1,1,0,0,0,0,0,0,0,0,0,0,0,0,0,0,1,3286,3286,1,0,0,1,128,v
1157,1,0,0,0,0,0,0,0,0,0,0,0,0,0,0,1,1,456,456,1,0,1,1,306,v
1159,1,0,0,0,0,0,0,0,0,0,0,0,0,0,0,1,1,134,134,0,0,0,1,163,s
1169,1,0,0,0,0,0,0,0,0,0,1,0,0,0,0,0,3,835,1715,0,0,1,1,56,s
1171,0,0,0,0,0,0,0,0,0,0,0,0,0,0,0,0,1,437,616,0,0,0,1,114,v
1173,1,0,0,0,0,1,0,0,0,0,0,0,0,0,0,0,2,2809,2841,0,0,0,1,191,t
1180,1,0,0,0,0,0,0,0,0,0,0,0,1,0,0,0,2,804,3027,1,0,0,1,303,v
1188,1,0,1,0,0,0,0,0,0,0,0,0,0,0,0,0,5,542,3125,0,0,0,1,578,t
1189,1,0,0,0,0,0,0,0,0,0,1,0,0,0,0,0,3,463,1949,0,0,0,1,412,t
1201,1,0,1,0,0,0,0,0,0,0,0,0,0,0,0,0,1,3125,3125,1,0,0,1,103,t
1215,0,0,0,0,0,1,0,0,0,0,0,0,0,0,0,0,4,1018,2984,1,0,0,1,405,s
1218,1,0,0,0,0,0,0,0,0,0,0,0,0,1,0,0,2,2856,3069,0,0,0,1,78,v
1224,1,0,0,0,0,0,0,0,0,0,0,0,0,0,0,0,4,37,1910,0,0,1,1,624,v
1226,1,0,0,0,1,0,0,0,0,0,0,0,0,0,0,0,2,2318,2333,1,0,0,1,161,t
1228,1,0,0,0,0,0,0,0,0,0,1,0,0,0,0,0,1,2838,2838,1,0,0,1,35,v
1231,1,1,0,0,0,0,0,0,0,0,0,0,0,0,0,0,6,408,3914,1,0,0,1,197,s
1234,1,0,0,0,0,1,0,0,0,0,0,0,0,0,0,0,2,2817,2927,1,0,0,1,163,v
1239,0,0,0,0,0,0,1,0,0,0,0,0,0,0,0,0,2,511,945,0,0,1,1,173,t
1243,1,0,0,0,0,0,0,0,0,0,0,0,1,0,0,0,2,1521,1577,1,0,1,1,40,t
1252,0,0,0,0,0,0,0,0,1,0,0,0,0,0,0,0,3,1241,1311,1,0,1,1,255,s
1253,1,1,0,0,0,0,0,0,0,0,0,0,0,0,0,0,1,3215,3215,0,0,0,1,230,t
1256,1,1,0,0,0,0,0,0,0,0,0,0,0,0,0,0,2,3564,3564,1,0,1,1,128,v
1263,1,0,0,0,0,0,0,0,0,1,0,0,0,0,0,0,4,463,772,0,0,1,1,406,v
1264,1,1,0,0,0,0,0,0,0,0,0,0,0,0,0,0,1,3304,3304,0,0,0,1,129,t
1269,0,0,0,0,0,1,0,0,0,0,0,0,0,0,0,0,1,2274,2274,0,0,0,1,46,t
1273,1,0,0,0,1,0,0,0,0,0,0,0,0,0,0,0,2,3426,3426,1,0,0,1,198,v
1274,1,0,0,0,1,0,0,0,0,0,0,0,0,0,0,0,2,3243,3278,1,0,1,1,7,s
1275,1,0,0,0,0,0,0,0,0,1,0,0,0,0,0,0,1,3883,3883,1,0,1,1,128,v
1276,1,1,0,0,0,0,0,0,0,0,0,0,0,0,0,0,1,3353,3353,1,0,0,1,213,s
1279,1,1,0,0,0,0,0,0,0,0,0,0,0,0,0,0,1,2527,2527,1,0,0,1,161,v
1280,1,0,0,0,0,0,0,0,0,0,0,0,0,0,0,1,2,1758,1787,0,0,0,1,230,v
1286,1,0,0,0,0,0,0,0,0,0,0,0,0,0,0,1,1,666,826,0,0,0,1,265,t
1287,1,1,0,0,0,0,0,0,0,0,0,0,0,0,0,0,2,3605,3944,0,0,0,1,246,t
1294,1,1,0,0,0,0,0,0,0,0,0,0,0,0,0,0,1,2807,2807,1,0,0,1,54,v
1296,1,1,0,0,0,0,0,0,0,0,0,0,0,0,0,0,1,1897,1897,0,0,0,1,165,v
1298,0,0,0,0,0,0,0,0,0,0,0,0,1,0,0,0,3,1969,2075,1,0,1,1,171,t
1321,1,0,0,0,0,0,0,0,0,1,0,0,0,0,0,0,3,2235,2256,1,0,0,1,390,v
1324,1,1,0,0,0,0,0,0,0,0,0,0,0,0,0,0,2,1592,1652,1,0,1,1,40,t
1325,1,0,0,0,0,0,1,0,0,0,0,0,0,0,0,0,4,14,1235,1,0,1,1,303,s
1328,1,0,0,0,0,0,0,0,0,1,0,0,0,0,0,0,1,2696,2696,0,0,0,1,230,t
1334,1,0,0,0,0,0,0,0,0,0,0,0,1,0,0,0,1,2383,2383,0,0,0,1,161,s
1337,1,0,0,0,0,1,0,0,0,0,0,0,0,0,0,0,3,1021,2355,1,0,0,1,182,v
1343,1,0,0,0,0,1,0,0,0,0,0,0,0,0,0,0,2,3374,3453,1,0,0,1,130,t
1345,1,0,0,0,0,1,0,0,0,0,0,0,0,0,0,0,1,2719,2719,1,0,0,1,105,t
1353,1,0,0,0,0,0,0,0,0,0,0,0,0,0,0,1,1,653,653,0,0,0,1,263,t
1361,1,1,0,0,0,0,0,0,0,0,0,0,0,0,0,0,3,3620,3650,1,0,0,1,72,t
1363,1,0,0,0,0,0,0,0,0,0,0,0,1,0,0,0,1,2318,2318,0,0,0,1,85,t
1366,0,0,0,0,0,0,0,0,0,0,0,0,1,0,0,0,1,28,28,0,0,0,1,255,s
1373,0,0,0,0,0,1,0,0,0,0,0,0,0,0,0,0,3,822,2478,0,0,0,1,429,s
1375,1,0,0,0,0,0,0,0,0,0,0,0,0,0,0,1,1,1100,1100,1,0,0,1,164,v
1388,1,0,0,0,0,1,0,0,0,0,0,0,0,0,0,0,1,2677,2677,0,0,0,1,161,v
1389,1,0,0,0,0,0,0,0,0,0,0,1,0,0,0,0,3,772,3120,0,0,0,1,551,s
1391,1,0,0,0,0,0,0,0,0,0,0,0,0,0,0,1,1,1261,1261,1,0,1,1,45,v
1398,0,0,0,0,0,0,0,0,0,0,0,0,0,0,0,1,1,255,255,1,0,0,1,244,s
1402,1,0,0,0,0,1,0,0,0,0,0,0,0,0,0,0,1,2464,2464,0,0,0,1,35,v
1404,1,0,0,0,0,0,0,0,0,0,0,1,0,0,0,0,1,2960,3103,0,0,1,1,160,v
1424,1,0,0,1,0,0,0,0,0,0,0,0,0,0,0,0,2,3390,3390,0,0,1,1,98,s
1430,1,0,1,0,0,0,0,0,0,0,0,0,0,0,0,0,2,1995,2010,1,0,1,1,117,s
1440,1,1,0,0,0,0,0,0,0,0,0,0,0,0,0,0,1,2955,2955,1,0,1,1,184,v
1448,1,0,0,0,1,0,0,0,0,0,0,0,0,0,0,0,2,3791,3791,0,0,0,1,198,t
1450,0,0,0,0,0,1,0,0,0,0,0,0,0,0,0,0,1,2599,2599,1,0,0,1,149,v
1455,1,0,0,1,0,0,0,0,0,0,0,0,0,0,0,0,5,520,3472,0,0,0,1,456,t
1459,1,0,0,0,0,0,0,0,0,0,0,0,0,0,0,1,1,167,167,1,0,0,1,43,s
1469,1,0,0,0,0,0,0,0,0,0,0,0,1,0,0,0,2,1149,3094,1,0,0,1,411,t
1470,1,0,0,0,0,1,0,0,0,0,0,0,0,0,0,0,1,2213,2213,0,0,0,1,65,t
1476,1,0,0,0,0,0,0,0,0,0,0,0,0,0,1,0,1,2305,2305,0,0,0,1,161,s
1478,1,0,0,0,0,0,0,1,0,0,0,0,0,0,0,0,1,3600,3746,0,0,1,1,167,t
1485,1,0,0,0,0,0,0,0,0,1,0,0,0,0,0,0,1,3052,3052,1,0,0,1,49,v
1486,1,1,0,0,0,0,0,0,0,0,0,0,0,0,0,0,2,2456,3327,1,0,0,1,266,s
1488,1,0,0,0,0,0,0,0,0,0,0,0,1,0,0,0,2,3615,3615,0,0,0,1,270,t
1493,0,0,0,0,0,0,0,0,0,0,0,0,0,0,0,1,1,976,976,1,0,0,1,54,t
1494,1,0,0,0,0,0,0,0,0,0,0,0,0,0,1,0,1,469,469,0,0,1,1,163,s
1496,1,0,0,1,0,0,0,0,0,0,0,0,0,0,0,0,3,3405,3675,0,0,0,1,131,s
1500,1,0,0,0,0,0,0,0,0,0,0,0,1,0,0,0,6,79,3664,0,0,0,1,415,v
1507,1,0,0,0,0,0,0,0,0,0,0,0,0,1,0,0,1,3615,3615,1,0,0,1,43,t
1516,0,0,0,0,0,0,0,0,0,0,0,0,1,0,0,0,1,3304,3304,0,0,0,1,140,t
1521,1,1,0,0,0,0,0,0,0,0,0,0,0,0,0,0,1,2996,2996,1,0,0,1,34,v
1522,1,1,0,0,0,0,0,0,0,0,0,0,0,0,0,0,3,1031,3852,1,0,1,1,214,t
1525,1,1,0,0,0,0,0,0,0,0,0,0,0,0,0,0,3,2934,2978,0,0,0,1,160,v
1526,1,0,0,0,1,0,0,0,0,0,0,0,0,0,0,0,2,3768,3768,1,0,0,1,198,s
1531,1,1,0,0,0,0,0,0,0,0,0,0,0,0,0,0,3,2348,3388,1,0,0,1,207,v
1532,0,0,0,0,0,0,0,0,0,0,0,0,0,0,0,1,1,115,115,0,0,0,1,164,v
1533,0,0,0,0,0,0,0,0,0,0,0,0,1,0,0,0,2,1197,1253,1,0,0,1,213,s
1538,1,1,0,0,0,0,0,0,0,0,0,0,0,0,0,0,3,3724,3760,1,0,0,1,38,s
1543,1,0,0,0,0,0,0,0,0,0,0,0,0,0,0,1,2,1240,2481,1,0,0,1,371,t
1544,0,0,0,0,0,0,0,0,0,0,0,0,0,0,0,1,1,973,973,1,0,1,1,243,v
1548,1,0,0,0,0,0,0,0,0,0,0,0,0,0,0,1,3,463,616,1,0,1,1,302,s
1549,1,0,0,1,0,0,0,0,0,0,0,0,0,0,0,0,3,3376,3391,0,0,1,1,132,v
1550,1,1,0,0,0,0,0,0,0,0,0,0,0,0,0,0,1,2289,2289,1,0,0,1,230,t
1551,1,0,0,1,0,0,0,0,0,0,0,0,0,0,0,0,1,3464,3464,1,0,0,1,38,t
1553,1,0,0,0,1,0,0,0,0,0,0,0,0,0,0,0,2,2831,2837,0,0,0,1,100,v
1559,1,1,0,0,0,0,0,0,0,0,0,0,0,0,0,0,1,2578,2578,1,0,0,1,161,s
1562,0,0,1,0,0,0,0,0,0,0,0,0,0,0,0,0,2,2233,2758,0,0,0,1,189,s
1566,1,0,0,0,0,0,0,0,0,1,0,0,0,0,0,0,1,3241,3241,1,0,0,1,48,t
1572,1,0,0,0,0,1,0,0,0,0,0,0,0,0,0,0,1,2278,2278,0,0,0,1,54,v
1574,1,0,1,0,0,0,0,0,0,0,0,0,0,0,0,0,3,1836,4096,0,0,0,1,179,t
1580,0,0,0,0,0,0,0,0,0,0,0,0,0,0,0,1,3,1646,1717,0,0,1,1,98,t
1583,1,0,0,0,0,0,0,0,0,0,0,0,1,0,0,0,2,1868,2185,1,0,0,1,49,v
1584,1,0,0,0,0,1,0,0,0,0,0,0,0,0,0,0,1,2467,2467,1,0,0,1,136,s
1585,0,0,0,0,0,0,0,0,0,1,0,0,0,0,0,0,3,1722,1745,0,0,1,1,439,s
1589,1,0,0,0,0,1,0,0,0,0,0,0,0,0,0,0,1,2618,2618,0,0,0,1,130,s
1591,1,0,0,0,0,1,0,0,0,0,0,0,0,0,0,0,2,1226,1240,0,0,1,1,40,t
1595,1,0,0,0,0,0,0,1,0,0,0,0,0,0,0,0,5,90,3747,0,0,0,1,399,t
1597,1,1,0,0,0,0,0,0,0,0,0,0,0,0,0,0,1,3311,3311,0,0,0,1,68,s
1599,1,0,0,0,1,0,0,0,0,0,0,0,0,0,0,0,1,2310,2310,1,0,0,1,136,t
1600,1,0,0,0,0,0,0,0,0,0,0,0,1,0,0,0,4,245,2607,1,0,0,1,655,s
1602,1,0,0,0,0,0,0,0,0,0,0,0,0,0,0,1,4,77,1169,0,0,1,1,407,v
1604,1,0,0,0,0,0,0,0,0,0,0,0,1,0,0,0,1,2690,2690,1,0,0,1,163,v
1605,1,1,0,0,0,0,0,0,0,0,0,0,0,0,0,0,1,2829,2829,0,0,1,1,185,t
1608,1,0,0,0,0,0,0,0,0,1,0,0,0,0,0,0,1,2499,2499,1,0,0,1,85,t
1610,1,0,0,0,0,0,0,0,0,0,0,0,0,0,0,1,2,1863,2186,1,0,0,1,136,s
1615,1,0,0,0,0,0,0,0,1,0,0,0,0,0,0,0,3,1400,1746,1,0,1,1,63,t
1616,1,0,0,0,0,0,0,0,0,1,0,0,0,0,0,0,1,3611,3914,0,0,0,1,173,v
1619,0,0,0,0,0,0,0,0,0,0,0,0,1,0,0,0,5,1143,2607,1,0,0,1,1123,v
1621,1,0,0,0,0,1,0,0,0,0,0,0,0,0,0,0,1,2807,2807,0,0,1,1,60,t
1631,0,0,0,0,0,0,0,0,0,0,0,0,1,0,0,0,1,2996,2996,0,0,0,1,150,t
1632,1,1,0,0,0,0,0,0,0,0,0,0,0,0,0,0,1,4188,4188,0,0,0,1,127,v
1634,1,0,0,0,0,0,0,0,0,0,0,0,0,0,0,1,2,1646,1709,0,0,1,1,167,s
1649,1,0,0,0,0,0,0,0,0,0,0,0,0,0,0,1,1,164,164,0,0,0,1,135,v
1656,0,0,0,0,0,1,0,0,0,0,0,0,0,0,0,0,1,2466,2632,0,0,0,1,274,v
1661,1,0,0,0,0,0,0,0,0,1,0,0,0,0,0,0,3,1976,2834,1,0,0,1,67,s
1665,1,1,0,0,0,0,0,0,0,0,0,0,0,0,0,0,1,2128,3013,1,0,0,1,80,s
1668,1,0,0,0,0,0,0,0,0,0,0,0,0,0,0,1,2,1563,1568,0,0,0,1,463,v
1671,1,0,0,0,0,0,0,0,0,1,0,0,0,0,0,0,1,2936,2936,1,0,0,1,66,t
1677,1,0,0,0,0,0,1,0,0,0,0,0,0,0,0,0,1,260,260,0,0,0,1,148,s
1678,1,0,0,0,0,0,0,0,0,0,0,0,0,0,0,1,1,526,526,1,0,0,1,280,t
1679,1,0,0,1,0,0,0,0,0,0,0,0,0,0,0,0,1,3360,3694,0,0,1,1,247,t
1688,1,0,0,0,0,0,0,0,0,0,1,0,0,0,0,0,2,1115,2005,1,0,0,1,390,v
1690,1,0,0,0,0,0,0,0,0,0,0,0,0,0,0,1,1,1128,1128,0,0,1,1,44,v
1692,1,0,0,0,0,0,0,0,0,0,0,0,1,0,0,0,2,1123,1242,1,0,0,1,399,t
1693,1,0,0,0,0,0,0,0,0,0,0,0,0,0,0,1,2,1823,1849,0,0,0,1,230,v
1700,1,0,0,0,0,0,0,0,0,0,0,0,0,0,0,1,2,434,463,1,0,0,1,184,s
1704,1,0,0,0,0,0,0,0,0,1,0,0,0,0,0,0,7,1710,3668,1,0,1,1,213,v
1711,0,0,0,0,0,0,0,0,0,0,0,0,0,0,0,1,1,1850,1850,1,0,0,1,136,v
1714,1,1,0,0,0,0,0,0,0,0,0,0,0,0,0,0,5,1577,2081,1,0,1,1,588,s
1717,1,0,0,0,0,1,0,0,0,0,0,0,0,0,0,0,1,2787,2787,0,0,0,1,4,v
1721,1,0,0,0,0,1,0,0,0,0,0,0,0,0,0,0,1,2417,2417,0,0,0,1,85,v
1726,1,0,0,0,0,0,0,1,0,0,0,0,0,0,0,0,1,3583,3747,1,0,0,1,43,s
1727,1,0,1,0,0,0,0,0,0,0,0,0,0,0,0,0,9,216,4065,1,0,1,1,378,s
1734,1,0,0,0,0,0,0,0,0,0,1,0,0,0,0,0,1,2446,2478,0,0,1,1,100,t
1744,1,0,0,0,1,0,0,0,0,0,0,0,0,0,0,0,1,3243,3243,1,0,0,1,252,s
1748,1,0,0,0,0,0,0,0,0,0,0,0,1,0,0,0,15,192,3207,0,0,0,1,1133,s
1753,1,0,0,0,0,0,0,0,0,1,0,0,0,0,0,0,1,2634,2634,1,0,0,1,74,s
1755,1,0,0,0,0,0,0,0,0,1,0,0,0,0,0,0,1,3229,3229,0,0,0,1,136,t
1759,0,0,0,0,0,0,0,0,0,0,0,0,1,0,0,0,2,3496,3496,0,0,0,1,3,t
1760,0,0,0,0,0,0,0,0,0,0,0,1,0,0,0,0,5,644,3188,1,0,1,1,260,v
1766,1,0,1,0,0,0,0,0,0,0,0,0,0,0,0,0,8,91,4096,0,0,0,1,1326,t
1775,1,0,0,0,0,0,0,0,0,0,0,0,0,0,1,0,1,3523,4096,1,0,1,1,98,s
1785,0,0,0,0,0,0,0,0,0,0,0,0,1,0,0,0,1,4127,4127,0,0,0,1,35,s
1802,1,0,0,0,0,0,0,0,0,0,0,0,1,0,0,0,2,470,3194,1,0,1,1,242,t
1808,1,0,0,0,0,0,0,0,0,1,0,0,0,0,0,0,2,721,1484,1,0,0,1,83,v
1809,1,0,0,1,0,0,0,0,0,0,0,0,0,0,0,0,2,3354,3355,1,0,0,1,345,t
1818,0,0,0,0,0,1,0,0,0,0,0,0,0,0,0,0,2,3276,3311,1,0,0,1,140,v
1821,0,0,0,0,0,0,0,0,0,1,0,0,0,0,0,0,2,1962,1976,1,0,1,1,138,t
1827,1,0,0,0,0,0,1,0,0,0,0,0,0,0,0,0,2,744,825,0,0,1,1,163,v
1829,1,0,0,0,0,0,0,0,0,0,0,0,0,1,0,0,1,4005,4005,1,0,0,1,43,s
1832,1,0,0,0,0,0,0,0,0,0,1,0,0,0,0,0,1,2158,2158,1,0,0,1,10,t
1839,1,1,0,0,0,0,0,0,0,0,0,0,0,0,0,0,1,2257,2257,1,0,0,1,130,v
1853,1,1,0,0,0,0,0,0,0,0,0,0,0,0,0,0,3,3662,3691,1,0,0,1,128,s
1861,0,0,0,0,0,0,0,0,0,0,0,0,0,0,0,1,1,1073,1073,1,0,0,1,105,t
1865,1,1,0,0,0,0,0,0,0,0,0,0,0,0,0,0,3,2143,2897,1,0,1,1,242,v
1867,0,0,0,1,0,0,0,0,0,0,0,0,0,0,0,0,5,1170,3405,1,0,0,1,598,v
1875,1,1,0,0,0,0,0,0,0,0,0,0,0,0,0,0,2,3340,3342,0,0,0,1,199,s
1881,1,0,0,0,0,1,0,0,0,0,0,0,0,0,0,0,2,1646,1717,0,0,1,1,130,v
1883,1,0,0,0,0,0,0,0,1,0,0,0,0,0,0,0,3,1739,1849,0,0,1,1,58,t
1885,1,0,0,0,0,0,0,0,0,0,0,0,0,0,0,1,2,458,479,0,0,0,1,142,v
1888,1,0,0,0,0,0,0,0,0,1,0,0,0,0,0,0,1,3312,3312,0,0,0,1,132,s
1893,1,0,1,0,0,0,0,0,0,0,0,0,0,0,0,0,2,1226,1240,0,0,1,1,104,t
1898,1,0,0,1,0,0,0,0,0,0,0,0,0,0,0,0,2,3276,3340,0,0,0,1,128,t
1902,0,0,0,0,0,0,0,0,0,0,0,0,0,0,0,1,4,1135,1387,0,0,0,1,272,t
1906,1,0,0,0,0,0,0,0,0,0,0,0,1,0,0,0,2,1123,1226,0,0,1,1,217,v
1910,1,0,0,0,0,0,0,0,0,0,0,0,0,0,1,0,1,4036,4036,1,0,0,1,30,s
1911,1,0,0,0,0,0,0,0,1,0,0,0,0,0,0,0,4,841,2088,0,0,1,1,44,s
1920,0,0,0,0,0,1,0,0,0,0,0,0,0,0,0,0,3,2296,2564,1,0,0,1,514,v
1929,0,0,0,0,0,1,0,0,0,0,0,0,0,0,0,0,5,1639,2737,1,0,0,1,563,v
1932,1,0,0,0,0,0,0,0,0,0,0,0,0,0,0,1,1,359,359,0,0,0,1,43,t
1935,0,0,0,0,0,0,0,0,0,0,0,0,0,0,0,1,2,519,1066,0,0,0,1,154,t
1951,1,0,0,0,0,0,0,0,0,0,0,0,1,0,0,0,2,1000,3174,0,0,0,1,80,t
1954,1,0,0,0,1,0,0,0,0,0,0,0,0,0,0,0,2,1899,2345,1,0,0,1,248,s
1958,1,0,0,1,0,0,0,0,0,0,0,0,0,0,0,0,2,491,2984,1,0,1,1,259,t
1959,1,1,0,0,0,0,0,0,0,0,0,0,0,0,0,0,2,2012,2046,0,0,1,1,35,t
1966,0,0,0,0,0,0,0,0,0,0,0,0,1,0,0,0,1,2165,2310,1,0,0,1,138,v
1969,1,0,0,0,1,0,0,0,0,0,0,0,0,0,0,0,3,2837,3272,0,0,1,1,160,v
1972,1,0,0,0,0,0,0,0,0,0,0,0,1,0,0,0,2,3541,3541,1,0,1,1,101,t
1973,1,1,0,0,0,0,0,0,0,0,0,0,0,0,0,0,3,939,1746,0,0,0,1,320,t
1975,0,0,0,0,0,1,0,0,0,0,0,0,0,0,0,0,1,1708,1708,0,0,0,1,98,v
1977,1,0,0,0,1,0,0,0,0,0,0,0,0,0,0,0,2,3791,3791,1,0,1,1,98,t
1987,1,0,0,0,0,1,0,0,0,0,0,0,0,0,0,0,4,1710,2982,0,0,1,1,145,v
1988,0,0,0,0,0,0,0,0,0,0,0,0,0,0,0,1,1,695,695,1,0,0,1,58,t
1996,1,0,0,0,0,0,0,0,0,0,0,0,1,0,0,0,1,1701,1701,1,0,0,1,30,v
9,1,1,0,0,0,0,0,0,0,0,0,0,0,0,0,0,4,525,2914,1,1,0,1,489,t
14,1,1,0,0,0,0,0,0,0,0,0,0,0,0,0,0,5,2081,2438,0,1,0,1,1416,v
19,1,0,0,0,0,1,0,0,0,0,0,0,0,0,0,0,2,1879,1914,1,1,1,1,130,t
22,1,0,0,0,0,0,0,0,0,1,0,0,0,0,0,0,2,1928,1983,0,1,0,1,161,t
25,1,0,0,1,0,0,0,0,0,0,0,0,0,0,0,0,3,3613,3655,1,1,0,1,131,t
30,1,0,0,0,0,0,0,0,0,0,1,0,0,0,0,0,2,3744,3745,0,1,0,1,354,t
37,1,0,0,0,0,0,0,0,0,0,0,0,1,0,0,0,2,2478,3103,0,1,0,1,185,t
42,1,1,0,0,0,0,0,0,0,0,0,0,0,0,0,0,2,3698,3698,0,1,0,1,34,t
43,1,0,0,0,1,0,0,0,0,0,0,0,0,0,0,0,2,1318,2310,0,1,1,1,161,t
45,1,0,0,0,0,0,0,0,0,1,0,0,0,0,0,0,2,2752,3914,0,1,0,1,638,v
46,1,1,0,0,0,0,0,0,0,0,0,0,0,0,0,0,1,3338,3338,0,1,1,1,159,t
51,1,1,0,0,0,0,0,0,0,0,0,0,0,0,0,0,2,2226,2899,0,1,0,1,232,v
55,1,0,0,0,0,0,0,0,0,0,0,0,1,0,0,0,1,1170,1170,1,1,0,1,375,v
59,1,0,0,0,0,0,0,0,0,0,0,0,1,0,0,0,2,3338,4127,0,1,0,1,109,t
61,1,0,0,1,0,0,0,0,0,0,0,0,0,0,0,0,3,2957,3278,1,1,0,1,136,s
63,1,0,0,0,0,0,0,0,0,0,0,0,1,0,0,0,3,2908,3544,0,1,0,1,261,t
64,1,0,0,0,0,0,0,0,0,0,0,0,0,0,0,1,1,906,906,1,1,0,1,43,s
65,1,0,0,0,0,1,0,0,0,0,0,0,0,0,0,0,6,1408,3746,0,1,1,1,389,t
68,1,1,0,0,0,0,0,0,0,0,0,0,0,0,0,0,4,479,2107,1,1,0,1,394,v
69,1,0,0,0,0,0,0,0,0,0,1,0,0,0,0,0,6,1470,3242,0,1,0,1,588,s
77,0,1,0,0,0,0,0,0,0,0,0,0,0,0,0,0,1,3125,3125,1,1,0,1,160,v
78,1,0,0,0,0,1,0,0,0,0,0,0,0,0,0,0,2,541,2862,1,1,1,1,50,s
81,1,1,0,0,0,0,0,0,0,0,0,0,0,0,0,0,1,2508,2508,0,1,0,1,233,s
94,1,0,0,0,0,1,0,0,0,0,0,0,0,0,0,0,1,2102,2102,1,1,0,1,54,s
105,1,0,0,0,0,0,0,0,0,0,0,0,1,0,0,0,1,1112,1112,0,1,0,1,164,s
108,1,0,0,0,0,0,0,0,0,0,0,0,1,0,0,0,1,2907,2907,0,1,0,1,160,v
109,1,0,0,0,0,0,0,0,0,0,1,0,0,0,0,0,1,3724,3724,0,1,0,1,305,t
111,0,1,0,0,0,0,0,0,0,0,0,0,0,0,0,0,3,3791,3852,1,1,1,1,534,t
113,0,1,0,0,0,0,0,0,0,0,0,0,0,0,0,0,1,4005,4005,1,1,0,1,105,s
114,1,0,0,0,0,0,0,0,0,0,0,0,0,0,0,1,1,1130,1130,1,1,0,1,79,t
118,0,0,0,0,0,0,0,0,0,0,0,0,0,0,0,1,2,1529,1577,0,1,0,1,186,s
120,1,0,0,0,0,0,0,0,0,1,0,0,0,0,0,0,1,667,667,0,1,0,1,324,t
121,1,1,0,0,0,0,0,0,0,0,0,0,0,0,0,0,1,4157,4157,1,1,0,1,69,v
122,1,0,0,0,0,0,0,0,0,0,0,0,0,0,0,0,2,3436,3517,1,1,0,1,225,v
125,1,0,1,0,0,0,0,0,0,0,0,0,0,0,0,0,1,1863,1863,0,1,1,1,167,v
128,1,0,0,0,0,0,0,0,0,0,0,0,1,0,0,0,1,1302,1302,1,1,0,1,67,s
130,1,1,0,0,0,0,0,0,0,0,0,0,0,0,0,0,1,3883,3883,0,1,0,1,67,v
131,1,0,0,0,0,0,0,1,0,0,0,0,0,0,0,0,1,2960,3746,0,1,1,1,120,t
136,1,1,0,0,0,0,0,0,0,0,0,0,0,0,0,0,4,1121,4065,1,1,0,1,420,t
138,1,0,0,0,0,0,0,0,0,0,0,0,1,0,0,0,1,2648,2648,1,1,0,1,130,v
140,1,0,0,0,0,0,0,0,0,0,0,0,1,0,0,0,3,1240,4157,1,1,1,1,141,v
143,1,0,0,0,0,0,0,0,0,0,0,0,1,0,0,0,1,2960,3213,1,1,0,1,129,v
156,1,0,0,0,0,0,0,0,0,0,0,0,0,0,0,1,3,1242,1394,1,1,1,1,432,s
160,1,1,0,0,0,0,0,0,0,0,0,0,0,0,0,0,3,2024,2369,0,1,0,1,547,v
167,1,0,0,0,0,0,0,0,0,0,0,0,0,0,0,1,1,169,169,1,1,0,1,163,s
168,1,1,0,0,0,0,0,0,0,0,0,0,0,0,0,0,3,3662,3704,0,1,1,1,310,t
169,1,0,0,0,0,0,0,0,0,0,0,0,0,0,0,1,2,582,1584,1,1,0,1,326,v
179,1,0,0,0,0,0,0,0,0,0,0,1,0,0,0,0,1,3944,3944,1,1,0,1,68,s
185,1,0,0,0,0,0,0,0,0,0,0,0,1,0,0,0,1,2960,3188,0,1,1,1,129,s
186,1,1,0,0,0,0,0,0,0,0,0,0,0,0,0,0,1,1598,1598,1,1,0,1,40,t
188,1,0,0,0,0,0,0,0,0,1,0,0,0,0,0,0,1,2675,2675,0,1,0,1,30,t
189,1,0,0,0,0,0,0,0,0,1,0,0,0,0,0,0,4,1989,3255,0,1,0,1,130,v
190,1,0,0,0,0,0,0,0,0,0,0,0,1,0,0,0,1,1569,1569,1,1,0,1,32,s
193,1,0,0,0,0,1,0,0,0,0,0,0,0,0,0,0,2,1864,2487,0,1,0,1,243,t
195,0,0,0,0,0,1,0,0,0,0,0,0,0,0,0,0,2,2723,2842,1,1,0,1,237,v
198,1,0,0,0,0,0,0,0,0,0,0,0,0,1,0,0,3,2466,4036,1,1,0,1,145,v
201,1,0,0,0,0,1,0,0,0,0,0,0,0,0,0,0,3,2024,2068,1,1,0,1,437,v
202,1,0,0,0,0,1,0,0,0,0,0,0,0,0,0,0,2,2080,2114,1,1,1,1,35,t
207,1,0,0,0,0,0,0,0,0,0,0,0,1,0,0,0,1,50,50,1,1,0,1,25,s
209,0,0,0,0,0,0,0,0,0,0,0,0,0,0,0,1,1,1926,1926,0,1,0,1,62,t
214,1,0,0,0,0,1,0,0,0,0,0,0,0,0,0,0,2,1037,1899,0,1,0,1,278,t
219,1,0,0,0,0,0,0,0,0,0,0,0,1,0,0,0,3,191,2024,1,1,0,1,363,s
220,1,0,0,0,0,0,0,0,0,1,0,0,0,0,0,0,1,182,182,1,1,0,1,1075,t
223,1,0,0,0,0,0,0,0,0,0,0,0,1,0,0,0,1,3236,3236,1,1,0,1,128,s
234,1,0,0,0,0,0,0,0,0,0,0,0,1,0,0,0,1,3883,3883,1,1,0,1,33,s
237,1,0,0,0,0,1,0,0,0,0,0,0,0,0,0,0,1,2562,2562,1,1,0,1,35,t
238,1,0,0,0,0,0,0,0,0,0,0,0,1,0,0,0,1,2705,2705,0,1,0,1,130,s
239,1,1,0,0,0,0,0,0,0,0,0,0,0,0,0,0,1,2333,2333,1,1,1,1,161,v
240,1,0,0,0,0,0,0,0,0,0,0,0,1,0,0,0,2,2933,2936,1,1,0,1,54,v
241,1,0,0,0,0,0,0,0,0,0,0,0,0,0,0,1,1,290,290,1,1,0,1,163,t
248,0,0,0,0,0,1,0,0,0,0,0,0,0,0,0,0,2,1141,2915,0,1,0,1,208,t
249,1,1,0,0,0,0,0,0,0,0,0,0,0,0,0,0,1,3011,3011,0,1,0,1,80,v
255,1,1,0,0,0,0,0,0,0,0,0,0,0,0,0,0,1,2648,2648,1,1,0,1,130,t
257,1,0,0,0,0,0,0,0,0,0,0,0,0,0,0,0,2,1758,2794,1,1,0,1,167,s
259,0,0,0,0,0,0,0,0,0,0,0,0,0,0,0,1,1,814,814,1,1,0,1,172,t
267,1,0,0,0,0,0,0,0,0,0,0,0,1,0,0,0,6,800,2640,1,1,0,1,1294,s
276,1,0,0,0,0,0,0,0,0,0,0,0,1,0,0,0,1,107,107,1,1,0,1,129,s
277,0,0,0,0,0,1,0,0,0,0,0,0,0,0,0,0,2,2009,2065,0,1,0,1,163,v
279,0,0,0,0,0,0,0,0,0,0,0,0,1,0,0,0,3,1086,2710,0,1,1,1,135,s
289,1,0,0,0,0,0,0,0,0,0,0,0,0,0,0,1,1,7,7,0,1,0,1,129,s
295,1,1,0,0,0,0,0,0,0,0,0,0,0,0,0,0,2,1120,3122,1,1,0,1,200,v
301,1,0,1,0,0,0,0,0,0,0,0,0,0,0,0,0,2,3791,3791,1,1,0,1,88,v
315,1,1,0,0,0,0,0,0,0,0,0,0,0,0,0,0,1,1991,1991,0,1,0,1,261,t
318,1,1,0,0,0,0,0,0,0,0,0,0,0,0,0,0,1,2102,2102,1,1,0,1,161,v
319,1,0,0,0,0,0,0,0,0,0,0,0,0,1,0,0,4,2100,3944,0,1,0,1,204,s
323,1,0,0,0,0,0,0,0,0,0,0,0,0,1,0,0,2,520,1008,1,1,0,1,212,v
324,1,0,0,0,0,0,0,0,0,1,0,0,0,0,0,0,2,2194,2241,0,1,1,1,30,v
332,1,0,0,1,0,0,0,0,0,0,0,0,0,0,0,0,3,2481,3359,1,1,0,1,619,t
335,1,0,1,0,0,0,0,0,0,0,0,0,0,0,0,0,1,2404,2404,0,1,0,1,114,s
346,1,0,0,0,0,0,0,1,0,0,0,0,0,0,0,0,2,1128,3746,0,1,0,1,248,t
347,1,0,0,0,0,0,0,0,1,0,0,0,0,0,0,0,4,492,1792,1,1,1,1,139,v
349,1,0,0,0,0,0,0,0,0,0,1,0,0,0,0,0,1,2962,3244,1,1,0,1,96,v
350,1,1,0,0,0,0,0,0,0,0,0,0,0,0,0,0,1,4157,4157,0,1,0,1,98,s
351,1,0,0,0,0,0,1,0,0,0,0,0,0,0,0,0,1,891,891,1,1,0,1,81,t
352,1,0,1,0,0,0,0,0,0,0,0,0,0,0,0,0,3,2065,3822,0,1,0,1,197,v
354,1,0,1,0,0,0,0,0,0,0,0,0,0,0,0,0,2,2054,2404,1,1,0,1,25,t
362,0,0,0,0,0,0,0,0,1,0,0,0,0,0,0,0,3,841,2088,1,1,1,1,50,s
365,1,1,0,0,0,0,0,0,0,0,0,0,0,0,0,0,2,3655,3655,0,1,0,1,35,t
368,1,0,0,0,0,1,0,0,0,0,0,0,0,0,0,0,1,2802,2802,1,1,0,1,161,v
370,1,0,0,0,0,1,0,0,0,0,0,0,0,0,0,0,10,430,2772,1,1,0,1,1184,t
373,1,0,0,0,0,0,0,0,0,1,0,0,0,0,0,0,2,1536,1709,0,1,0,1,1500,v
376,0,1,0,0,0,0,0,0,0,0,0,0,0,0,0,0,1,3235,3235,1,1,1,1,110,s
377,1,0,0,0,0,0,0,0,0,0,0,0,1,0,0,0,2,1031,3388,0,1,0,1,191,v
380,1,1,0,0,0,0,0,0,0,0,0,0,0,0,0,0,3,3129,3262,0,1,0,1,217,t
385,1,0,0,0,0,0,0,0,0,0,0,0,0,0,0,1,1,1192,1192,1,1,0,1,44,s
386,1,0,0,0,0,0,0,0,0,0,0,0,1,0,0,0,1,314,314,0,1,0,1,149,v
387,0,0,0,0,0,1,0,0,0,0,0,0,0,0,0,0,2,506,1785,1,1,0,1,282,v
389,1,0,0,0,0,1,0,0,0,0,0,0,0,0,0,0,1,2618,2618,1,1,1,1,6,s
390,1,0,0,0,0,0,0,0,0,0,0,0,1,0,0,0,1,9,9,0,1,1,1,196,t
393,1,0,0,0,0,0,0,0,0,0,0,0,0,0,0,1,3,1529,1619,0,1,1,1,424,v
400,0,0,0,0,0,0,0,0,0,0,0,0,0,0,0,1,2,458,827,1,1,0,1,114,t
401,0,0,0,0,0,0,0,0,0,0,0,0,0,0,0,1,2,864,1248,0,1,0,1,163,t
403,1,0,0,0,0,0,0,0,0,0,0,1,0,0,0,0,2,3975,4157,1,1,0,1,170,s
404,1,0,0,0,0,1,0,0,0,0,0,0,0,0,0,0,2,2044,2081,1,1,1,1,136,v
405,1,0,0,0,0,1,0,0,0,0,0,0,0,0,0,0,2,1646,1708,0,1,1,1,83,v
418,1,0,0,0,0,0,0,0,0,1,0,0,0,0,0,0,3,1842,2737,1,1,1,1,169,v
423,1,0,0,0,0,0,0,0,0,0,0,0,0,0,0,1,1,758,758,0,1,0,1,83,v
427,0,0,0,0,0,1,0,0,0,0,0,0,0,0,0,0,4,1794,2291,1,1,1,1,259,s
432,1,1,0,0,0,0,0,0,0,0,0,0,0,0,0,0,4,1498,2831,0,1,1,1,209,v
433,1,0,0,0,1,0,0,0,0,0,0,0,0,0,0,0,3,1739,3278,0,1,0,1,226,s
440,1,1,0,0,0,0,0,0,0,0,0,0,0,0,0,0,1,2102,2102,1,1,0,1,54,v
442,1,0,0,0,0,0,0,0,0,0,0,0,0,0,0,1,1,535,535,0,1,1,1,149,v
445,1,0,0,0,0,0,0,0,0,0,0,0,1,0,0,0,1,486,486,0,1,0,1,30,t
446,1,1,0,0,0,0,0,0,0,0,0,0,0,0,0,0,1,3262,3262,1,1,0,1,158,v
448,0,0,0,0,0,0,0,0,0,0,0,0,1,0,0,0,3,2647,3689,0,1,0,1,1255,v
449,1,1,0,0,0,0,0,0,0,0,0,0,0,0,0,0,2,3593,3593,0,1,0,1,98,v
453,0,0,0,0,0,0,0,0,0,0,0,0,1,0,0,0,1,4188,4188,1,1,0,1,137,s
456,1,0,0,0,0,0,1,0,0,0,0,0,0,0,0,0,1,827,827,1,1,0,1,163,v
477,1,0,0,0,0,0,0,0,0,0,0,0,1,0,0,0,3,463,2432,1,1,0,1,322,t
484,1,0,0,0,0,0,0,0,0,0,0,0,0,0,0,1,1,308,308,0,1,0,1,40,v
486,1,1,0,0,0,0,0,0,0,0,0,0,0,0,0,0,1,2415,2415,1,1,0,1,35,s
490,1,0,0,0,0,0,0,0,0,0,0,0,0,0,0,1,2,1708,1800,1,1,0,1,122,v
505,1,0,0,0,0,0,0,0,0,0,1,0,0,0,0,0,2,2962,3244,1,1,0,1,95,s
508,1,0,0,0,0,0,0,0,0,0,0,0,1,0,0,0,1,3549,3549,1,1,0,1,229,t
516,1,0,0,0,0,0,0,0,0,1,0,0,0,0,0,0,3,1592,1683,1,1,1,1,30,t
520,1,0,0,0,0,0,0,0,0,0,0,0,0,0,0,1,3,148,1113,0,1,1,1,214,t
527,1,0,0,0,0,0,0,0,0,1,0,0,0,0,0,0,1,2845,2845,0,1,0,1,120,s
534,1,1,0,0,0,0,0,0,0,0,0,0,0,0,0,0,2,491,3671,1,1,1,1,139,t
537,0,0,0,0,0,0,0,0,0,0,0,1,0,0,0,0,2,3513,3529,1,1,0,1,219,v
538,1,0,0,0,0,0,0,0,0,0,0,0,0,0,1,0,1,1184,3376,0,1,0,1,44,s
539,0,1,0,0,0,0,0,0,0,0,0,0,0,0,0,0,2,3636,3648,1,1,0,1,128,v
542,0,0,0,0,0,1,0,0,0,0,0,0,0,0,0,0,1,2102,2102,1,1,0,1,171,v
543,1,0,0,0,0,0,0,0,0,0,0,0,1,0,0,0,1,1851,1851,1,1,0,1,30,s
547,1,0,0,1,0,0,0,0,0,0,0,0,0,0,0,0,3,2957,3382,0,1,0,1,130,v
551,0,0,0,0,0,0,0,0,0,0,0,0,1,0,0,0,1,2220,2220,0,1,0,1,171,t
561,1,0,0,0,0,0,0,0,0,0,0,0,1,0,0,0,5,1374,3229,0,1,0,1,369,s
566,1,0,0,0,0,0,0,0,0,1,0,0,0,0,0,0,1,3201,3201,1,1,0,1,129,v
571,0,0,0,0,0,0,0,1,0,0,0,0,0,0,0,0,2,2459,3746,1,1,0,1,153,s
574,1,0,1,0,0,0,0,0,0,0,0,0,0,0,0,0,5,216,2758,1,1,1,1,123,v
575,0,0,0,0,0,0,0,0,0,0,0,0,0,0,0,1,2,2831,2887,1,1,0,1,170,t
576,1,0,0,0,0,0,0,0,0,0,0,0,1,0,0,0,1,2417,2417,1,1,0,1,130,v
577,1,0,0,0,0,0,0,0,0,0,0,0,1,0,0,0,1,3944,3944,1,1,0,1,128,s
583,1,0,1,0,0,0,0,0,0,0,0,0,0,0,0,0,1,1680,1680,1,1,0,1,116,t
585,1,0,0,0,0,0,0,0,0,1,0,0,0,0,0,0,3,465,2897,0,1,0,1,133,v
596,1,0,0,0,0,1,0,0,0,0,0,0,0,0,0,0,2,2199,2257,1,1,0,1,81,s
599,1,1,0,0,0,0,0,0,0,0,0,0,0,0,0,0,1,2481,2481,1,1,0,1,153,v
601,1,0,0,0,0,1,0,0,0,0,0,0,0,0,0,0,7,216,2051,1,1,1,1,150,v
607,1,0,0,0,1,0,0,0,0,0,0,0,0,0,0,0,2,2326,2333,1,1,0,1,161,v
615,1,0,0,0,0,0,0,0,0,1,0,0,0,0,0,0,2,162,188,1,1,0,1,1162,v
625,1,0,0,0,1,0,0,0,0,0,0,0,0,0,0,0,2,2957,3171,0,1,0,1,129,t
634,1,0,0,0,0,0,0,0,0,0,0,0,1,0,0,0,1,4065,4065,1,1,0,1,128,v
635,1,0,1,0,0,0,0,0,0,0,0,0,0,0,0,0,2,850,868,1,1,0,1,210,v
636,1,0,0,0,0,0,0,0,0,1,0,0,0,0,0,0,5,15,3283,0,1,0,1,142,s
641,1,0,0,0,0,0,0,0,0,0,0,0,0,0,0,1,1,120,120,0,1,0,1,149,s
643,1,0,0,0,0,0,0,0,0,0,0,0,0,0,0,0,1,582,829,0,1,0,1,69,v
644,1,0,0,0,0,0,0,0,0,0,0,0,0,0,0,1,1,2704,2905,1,1,0,1,8,t
645,1,0,0,1,0,0,0,0,0,0,0,0,0,0,0,0,7,1128,3430,1,1,1,1,236,s
646,1,0,0,0,0,0,0,0,0,0,0,1,0,0,0,0,2,3944,4096,0,1,1,1,362,v
651,1,0,0,0,0,1,0,0,0,0,0,0,0,0,0,0,1,2759,2759,0,1,0,1,35,t
653,1,0,0,1,0,0,0,0,0,0,0,0,0,0,0,0,3,792,3689,0,1,0,1,331,s
656,1,0,0,0,0,0,0,0,0,0,0,0,1,0,0,0,1,3327,3327,1,1,1,1,98,t
664,0,0,0,0,0,0,0,0,0,0,0,1,0,0,0,0,2,3157,3180,1,1,0,1,162,t
666,1,0,0,0,0,0,0,0,0,0,0,0,0,0,0,1,2,2012,2053,1,1,1,1,160,t
668,1,0,0,0,0,0,0,0,0,0,0,0,1,0,0,0,1,3342,3342,0,1,0,1,98,s
674,1,1,0,0,0,0,0,0,0,0,0,0,0,0,0,0,3,2829,3381,0,1,0,1,163,v
678,1,0,0,0,0,0,0,0,0,0,0,0,1,0,0,0,1,581,581,0,1,1,1,203,v
690,1,0,0,0,0,0,0,0,0,0,0,0,1,0,0,0,1,2402,2402,0,1,0,1,85,v
695,1,0,1,0,0,0,0,0,0,0,0,0,0,0,0,0,1,2379,2379,0,1,0,1,207,t
698,1,0,0,0,0,0,0,0,1,0,0,0,0,0,0,0,3,1809,1925,1,1,1,1,58,v
702,1,0,0,0,0,0,0,0,0,0,0,0,0,0,1,0,5,549,2306,1,1,1,1,484,t
704,1,0,0,0,0,0,0,0,0,0,0,0,1,0,0,0,1,609,609,0,1,0,1,162,s
705,1,0,0,0,0,1,0,0,0,0,0,0,0,0,0,0,3,2158,2249,1,1,0,1,64,s
707,0,0,0,0,0,0,0,0,0,0,0,0,0,0,0,1,1,1052,1052,0,1,0,1,170,v
717,1,0,0,0,0,0,0,0,0,0,0,0,0,0,1,0,1,3496,3496,0,1,0,1,40,s
721,1,1,0,0,0,0,0,0,0,0,0,0,0,0,0,0,4,1128,2996,0,1,0,1,620,t
722,1,0,0,1,0,0,0,0,0,0,0,0,0,0,0,0,2,3382,3382,1,1,0,1,132,v
724,1,0,1,0,0,0,0,0,0,0,0,0,0,0,0,0,1,582,582,1,1,0,1,89,v
726,1,0,0,0,0,0,0,0,0,0,0,0,1,0,0,0,1,2313,2313,0,1,0,1,140,v
730,0,0,0,0,0,0,0,0,0,0,0,0,0,0,0,1,1,770,770,0,1,0,1,43,v
735,0,0,0,0,0,1,0,0,0,0,0,0,0,0,0,0,1,2634,2634,0,1,0,1,116,v
736,1,0,0,0,0,0,0,0,0,0,0,1,0,0,0,0,2,1120,3244,0,1,0,1,124,v
737,1,0,0,0,0,0,0,0,0,0,1,0,0,0,0,0,1,2452,2478,1,1,0,1,100,s
743,1,1,0,0,0,0,0,0,0,0,0,0,0,0,0,0,2,3054,3067,0,1,1,1,99,s
746,1,0,0,0,0,0,0,0,0,0,0,0,0,0,1,0,2,3695,3695,0,1,0,1,129,v
753,1,1,0,0,0,0,0,0,0,0,0,0,0,0,0,0,1,2947,2947,0,1,0,1,230,v
762,1,1,0,0,0,0,0,0,0,0,0,0,0,0,0,0,2,3670,3670,1,1,0,1,19,t
768,1,0,0,0,0,0,0,0,0,0,0,0,0,0,0,1,1,1605,1605,1,1,0,1,85,s
769,1,1,0,0,0,0,0,0,0,0,0,0,0,0,0,0,3,1164,3822,1,1,0,1,349,s
776,1,0,0,0,1,0,0,0,0,0,0,0,0,0,0,0,1,3264,3264,0,1,0,1,39,v
778,1,0,0,0,0,1,0,0,0,0,0,0,0,0,0,0,1,1752,1752,0,1,0,1,54,v
779,1,1,0,0,0,0,0,0,0,0,0,0,0,0,0,0,2,479,2908,1,1,0,1,204,v
780,1,1,0,0,0,0,0,0,0,0,0,0,0,0,0,0,3,2564,3390,0,1,0,1,73,t
786,1,1,0,0,0,0,0,0,0,0,0,0,0,0,0,0,1,2828,2828,0,1,0,1,130,s
787,1,0,0,0,0,0,0,0,0,0,0,0,1,0,0,0,2,1043,2733,0,1,0,1,335,t
788,1,1,0,0,0,0,0,0,0,0,0,0,0,0,0,0,2,2080,2101,1,1,0,1,130,v
792,1,0,0,0,0,1,0,0,0,0,0,0,0,0,0,0,2,2656,2849,0,1,0,1,85,v
793,1,0,0,0,0,0,0,0,0,0,0,0,0,0,1,0,1,1154,1154,1,1,1,1,44,t
799,1,0,0,0,0,0,1,0,0,0,0,0,0,0,0,0,3,3374,3549,0,1,1,1,163,v
802,1,0,0,0,0,0,0,0,0,0,1,0,0,0,0,0,2,539,2544,1,1,0,1,131,t
803,1,0,0,0,0,1,0,0,0,0,0,0,0,0,0,0,1,2333,2333,0,1,0,1,161,s
804,1,0,0,0,0,0,0,0,0,1,0,0,0,0,0,0,1,2626,2626,1,1,0,1,25,t
805,1,0,1,0,0,0,0,0,0,0,0,0,0,0,0,0,1,2375,2375,1,1,0,1,145,v
807,1,0,0,0,0,0,0,0,0,0,0,0,1,0,0,0,2,2887,3125,0,1,1,1,159,v
812,0,0,0,0,0,1,0,0,0,0,0,0,0,0,0,0,1,2590,2590,1,1,0,1,163,s
813,1,0,0,0,0,0,1,0,0,0,0,0,0,0,0,0,1,905,905,0,1,0,1,81,t
820,1,0,0,0,0,0,0,0,0,0,0,0,1,0,0,0,1,2417,2417,1,1,0,1,270,t
821,1,0,0,0,0,1,0,0,0,0,0,0,0,0,0,0,1,3158,3158,0,1,0,1,34,v
823,0,0,0,0,0,0,0,0,0,0,0,0,0,0,0,1,1,155,155,0,1,0,1,164,v
828,1,0,0,0,0,0,0,0,0,0,0,0,1,0,0,0,1,3251,3251,1,1,0,1,15,t
829,1,0,0,0,0,0,0,0,0,0,0,0,0,0,0,0,1,3269,3269,0,1,0,1,31,v
835,0,0,0,0,0,0,0,0,0,1,0,0,0,0,0,0,11,918,3479,0,1,0,1,1441,t
837,1,0,1,0,0,0,0,0,0,0,0,0,0,0,0,0,4,1240,2758,0,1,0,1,232,s
839,1,1,0,0,0,0,0,0,0,0,0,0,0,0,0,0,2,4005,4127,0,1,0,1,141,v
850,0,0,0,0,0,0,0,0,0,0,0,0,0,1,0,0,1,3944,3944,1,1,0,1,49,v
851,1,0,0,0,0,0,0,0,0,0,0,0,0,0,0,0,4,801,1865,1,1,0,1,253,s
852,1,0,0,0,0,0,0,0,0,0,0,0,1,0,0,0,3,1759,1879,1,1,1,1,130,v
853,1,1,0,0,0,0,0,0,0,0,0,0,0,0,0,0,1,2999,2999,1,1,0,1,160,t
854,0,1,0,0,0,0,0,0,0,0,0,0,0,0,0,0,4,1794,3101,1,1,0,1,525,v
862,1,1,0,0,0,0,0,0,0,0,0,0,0,0,0,0,1,1752,3013,0,1,0,1,160,t
867,1,0,0,0,0,0,0,0,0,1,0,0,0,0,0,0,2,3536,3541,0,1,0,1,128,v
868,1,0,1,0,0,0,0,0,0,0,0,0,0,0,0,0,3,1121,2016,1,1,0,1,247,t
869,1,0,0,0,0,0,0,0,0,0,0,1,0,0,0,0,1,3852,3852,1,1,0,1,128,t
871,1,0,0,0,1,0,0,0,0,0,0,0,0,0,0,0,2,2018,2047,0,1,0,1,161,t
873,1,0,1,0,0,0,0,0,0,0,0,0,0,0,0,0,2,1240,2404,1,1,0,1,54,s
877,1,1,0,0,0,0,0,0,0,0,0,0,0,0,0,0,1,2117,2117,0,1,0,1,161,v
880,1,0,0,0,0,0,0,0,0,0,0,0,0,0,0,1,2,2009,2059,0,1,0,1,230,t
888,1,0,0,0,0,0,0,0,0,0,0,1,0,0,0,0,3,2893,3251,0,1,0,1,160,v
893,1,0,0,0,0,0,0,0,0,0,0,0,1,0,0,0,4,332,2052,1,1,0,1,410,t
899,1,0,0,0,0,0,0,0,0,0,0,1,0,0,0,0,1,2912,2913,1,1,0,1,96,s
907,1,0,0,0,0,0,0,0,0,0,0,0,0,0,0,1,1,891,891,1,1,0,1,163,s
912,1,1,0,0,0,0,0,0,0,0,0,0,0,0,0,0,1,3171,3171,0,1,0,1,260,v
917,1,0,0,0,0,0,0,0,0,0,0,0,1,0,0,0,1,3822,3822,0,1,0,1,128,t
918,1,1,0,0,0,0,0,0,0,0,0,0,0,0,0,0,3,1794,2648,1,1,0,1,107,t
926,1,0,0,0,0,0,0,0,0,0,0,0,0,0,0,1,1,1218,1218,1,1,0,1,44,s
927,1,1,0,0,0,0,0,0,0,0,0,0,0,0,0,0,3,400,2998,1,1,0,1,522,s
930,1,0,0,0,0,0,0,0,0,0,0,0,0,0,0,1,3,486,1849,0,1,1,1,266,v
933,0,0,0,0,0,0,0,0,0,0,0,0,0,0,0,1,1,1190,1190,0,1,0,1,205,t
934,1,1,0,0,0,0,0,0,0,0,0,0,0,0,0,0,5,1011,2492,0,1,1,1,471,t
949,1,0,0,0,0,0,0,0,0,0,0,0,1,0,0,0,1,1638,1638,1,1,0,1,30,s
958,1,0,0,0,0,0,0,0,0,0,1,0,0,0,0,0,2,2072,2100,0,1,0,1,105,t
960,1,0,0,0,0,0,0,0,0,0,0,0,0,0,1,0,1,2533,2533,1,1,0,1,9,t
965,1,1,0,0,0,0,0,0,0,0,0,0,0,0,0,0,3,744,4065,0,1,1,1,128,s
968,0,0,0,0,0,0,0,0,0,0,0,0,1,0,0,0,1,1556,1556,1,1,0,1,46,s
973,0,0,0,0,0,0,0,0,0,0,0,0,0,0,0,1,1,659,659,1,1,0,1,58,t
975,1,0,0,0,0,0,0,1,0,0,0,0,0,0,0,0,4,871,3746,0,1,0,1,496,t
977,0,0,0,0,0,0,0,0,0,0,0,0,0,0,0,1,3,1137,1323,0,1,0,1,292,t
981,1,0,1,0,0,0,0,0,0,0,0,0,0,0,0,0,4,701,2022,1,1,0,1,290,v
983,1,0,0,0,0,0,0,0,0,0,0,0,1,0,0,0,2,3791,3791,0,1,1,1,98,v
984,0,0,0,0,0,0,0,0,0,0,0,0,0,0,0,1,1,427,427,0,1,0,1,56,t
987,1,1,0,0,0,0,0,0,0,0,0,0,0,0,0,0,3,715,3914,1,1,1,1,129,v
989,1,0,0,0,0,0,0,0,0,1,0,0,0,0,0,0,3,3521,3669,1,1,0,1,331,v
992,1,0,0,0,1,0,0,0,0,0,0,0,0,0,0,0,1,3229,3229,1,1,0,1,279,v
999,1,0,0,0,0,0,0,0,0,0,1,0,0,0,0,0,1,2828,2828,1,1,0,1,100,v
1003,1,0,0,0,1,0,0,0,0,0,0,0,0,0,0,0,3,2200,2256,0,1,1,1,161,s
1009,1,0,1,0,0,0,0,0,0,0,0,0,0,0,0,0,1,2016,2016,0,1,0,1,54,v
1010,0,0,0,0,0,0,0,0,0,0,0,0,0,0,0,1,3,1379,1438,0,1,0,1,143,t
1014,1,0,0,0,0,0,0,0,0,0,0,0,0,0,0,1,1,791,791,1,1,0,1,68,t
1018,1,0,0,0,0,0,0,0,0,0,0,0,1,0,0,0,2,1710,1743,0,1,1,1,311,t
1020,1,0,0,0,0,0,0,0,0,1,0,0,0,0,0,0,3,1879,2725,0,1,1,1,164,v
1021,1,0,0,0,0,0,0,0,0,0,1,0,0,0,0,0,1,2438,2478,1,1,0,1,104,s
1024,1,0,0,0,0,0,0,0,0,0,0,0,0,0,0,1,1,1836,1836,1,1,0,1,130,t
1027,1,0,0,1,0,0,0,0,0,0,0,0,0,0,0,0,2,3706,3706,0,1,0,1,228,v
1029,1,0,0,1,0,0,0,0,0,0,0,0,0,0,0,0,4,2240,3536,0,1,1,1,189,t
1032,1,0,0,0,0,0,0,0,0,1,0,0,0,0,0,0,1,1052,1052,1,1,0,1,40,t
1036,1,0,0,0,0,0,0,0,0,0,0,1,0,0,0,0,1,1,1,1,1,0,1,109,v
1037,1,0,0,0,0,0,0,0,0,0,0,0,0,0,0,1,2,492,1373,0,1,0,1,43,t
1040,1,1,0,0,0,0,0,0,0,0,0,0,0,0,0,0,2,472,2102,1,1,0,1,229,t
1042,1,0,0,0,0,0,0,0,0,0,0,0,0,0,0,0,2,2464,3944,1,1,0,1,86,v
1044,1,1,0,0,0,0,0,0,0,0,0,0,0,0,0,0,1,2977,2977,1,1,0,1,160,v
1045,0,0,0,0,0,0,0,0,0,1,0,0,0,0,0,0,2,469,792,1,1,0,1,377,t
1046,1,0,0,1,0,0,0,0,0,0,0,0,0,0,0,0,2,3566,3566,1,1,0,1,229,s
1047,1,1,0,0,0,0,0,0,0,0,0,0,0,0,0,0,3,2389,2529,0,1,0,1,385,v
1048,0,0,0,0,0,1,0,0,0,0,0,0,0,0,0,0,1,2249,2249,1,1,0,1,146,t
1049,1,1,0,0,0,0,0,0,0,0,0,0,0,0,0,0,1,4096,4096,1,1,0,1,229,t
1055,1,0,0,0,0,0,0,0,0,0,0,0,0,0,0,1,1,513,513,1,1,0,1,119,s
1057,1,0,0,0,0,1,0,0,0,0,0,0,0,0,0,0,6,471,2348,0,1,1,1,623,t
1063,1,0,0,0,0,1,0,0,0,0,0,0,0,0,0,0,1,2752,2752,0,1,1,1,35,t
1066,1,0,0,0,0,0,1,0,0,0,0,0,0,0,0,0,6,380,3642,1,1,0,1,450,v
1072,1,0,0,0,0,0,0,0,0,0,0,0,1,0,0,0,12,220,3236,0,1,0,1,1446,t
1076,1,0,0,0,0,0,0,0,0,0,0,0,0,0,1,0,2,3444,3444,0,1,0,1,71,s
1080,1,1,0,0,0,0,0,0,0,0,0,0,0,0,0,0,2,2571,2579,1,1,0,1,161,v
1088,0,0,0,1,0,0,0,0,0,0,0,0,0,0,0,0,3,486,3089,0,1,0,1,321,t
1092,0,0,0,0,0,1,0,0,0,0,0,0,0,0,0,0,2,1920,1963,1,1,0,1,138,s
1100,1,0,0,0,0,0,0,0,0,1,0,0,0,0,0,0,1,486,486,1,1,0,1,159,v
1102,1,1,0,0,0,0,0,0,0,0,0,0,0,0,0,0,1,3009,3009,1,1,0,1,184,t
1104,1,0,1,0,0,0,0,0,0,0,0,0,0,0,0,0,2,2460,3125,1,1,0,1,162,v
1106,1,1,0,0,0,0,0,0,0,0,0,0,0,0,0,0,2,1021,2418,0,1,1,1,285,t
1110,1,0,0,0,0,0,0,0,0,1,0,0,0,0,0,0,1,724,724,1,1,0,1,43,t
1115,1,0,0,0,0,0,0,0,0,1,0,0,0,0,0,0,2,2960,3222,0,1,1,1,160,v
1126,1,0,0,0,0,0,0,0,0,0,0,0,0,0,0,1,1,658,658,0,1,0,1,56,v
1133,0,0,0,0,0,0,0,0,0,0,0,0,0,0,0,1,1,829,829,0,1,0,1,89,v
1143,1,0,0,0,0,0,0,0,0,0,0,0,1,0,0,0,1,2467,2467,1,1,0,1,130,t
1153,1,1,0,0,0,0,0,0,0,0,0,0,0,0,0,0,1,3822,3822,0,1,0,1,97,s
1160,1,0,0,0,0,0,0,0,0,0,0,0,1,0,0,0,1,4157,4157,1,1,0,1,254,t
1162,0,0,0,0,0,0,0,0,0,0,0,0,0,0,0,1,1,1617,1617,1,1,0,1,170,v
1165,1,0,0,0,0,0,0,0,0,0,0,0,1,0,0,0,3,499,2758,1,1,0,1,237,v
1166,1,0,0,0,0,0,1,0,0,0,0,0,0,0,0,0,1,829,829,1,1,0,1,202,t
1175,1,0,0,0,0,0,0,0,0,1,0,0,0,0,0,0,1,4065,4065,0,1,1,1,99,v
1179,0,0,0,0,0,0,0,0,0,0,0,0,0,0,0,1,3,743,1242,1,1,1,1,47,t
1184,1,0,0,0,0,0,0,0,0,0,0,0,0,0,0,1,2,583,598,1,1,0,1,149,s
1187,1,1,0,0,0,0,0,0,0,0,0,0,0,0,0,0,3,471,3304,1,1,0,1,249,t
1190,1,0,0,0,0,0,1,0,0,0,0,0,0,0,0,0,1,925,925,1,1,0,1,104,v
1193,1,1,0,0,0,0,0,0,0,0,0,0,0,0,0,0,1,3587,3587,1,1,0,1,33,v
1195,1,1,0,0,0,0,0,0,0,0,0,0,0,0,0,0,1,2963,2963,1,1,0,1,165,v
1202,1,0,0,0,0,0,0,0,0,0,0,0,1,0,0,0,2,2899,3852,1,1,0,1,320,v
1206,0,1,0,0,0,0,0,0,0,0,0,0,0,0,0,0,2,3474,3474,1,1,0,1,45,t
1209,1,0,0,0,0,0,0,0,0,0,0,0,0,0,0,1,5,525,2513,0,1,0,1,490,v
1216,1,0,1,0,0,0,0,0,0,0,0,0,0,0,0,0,2,869,2767,0,1,0,1,117,s
1220,1,0,0,0,0,0,0,0,0,1,0,0,0,0,0,0,1,2943,2943,1,1,0,1,183,v
1227,1,0,0,0,0,0,0,0,0,0,1,0,0,0,0,0,2,2165,3240,1,1,0,1,157,v
1236,1,0,0,0,0,0,0,0,0,1,0,0,0,0,0,0,3,1877,1969,1,1,0,1,212,s
1237,1,0,0,1,0,0,0,0,0,0,0,0,0,0,0,0,1,3270,3270,0,1,0,1,38,v
1238,1,0,0,0,0,0,0,0,0,0,0,0,1,0,0,0,1,3143,3143,0,1,0,1,229,t
1241,1,1,0,0,0,0,0,0,0,0,0,0,0,0,0,0,3,1017,2431,1,1,0,1,254,v
1242,1,0,0,0,0,0,0,0,0,0,0,0,1,0,0,0,1,2744,2744,1,1,0,1,230,s
1245,0,0,0,0,0,0,0,0,0,0,0,0,0,0,0,1,3,1121,1262,1,1,0,1,288,t
1247,1,0,0,0,0,0,0,0,0,0,0,0,0,0,1,0,1,2255,2255,0,1,0,1,161,s
1250,1,0,0,0,0,0,0,0,0,0,0,0,1,0,0,0,2,1275,1323,1,1,1,1,140,s
1257,1,1,0,0,0,0,0,0,0,0,0,0,0,0,0,0,4,463,2109,0,1,0,1,517,v
1259,1,0,0,0,0,0,0,0,0,0,0,0,0,0,0,1,1,1221,1221,1,1,1,1,164,t
1260,1,0,0,0,0,1,0,0,0,0,0,0,0,0,0,0,3,1430,1534,0,1,1,1,65,v
1261,1,0,0,0,0,0,0,0,0,0,0,0,0,0,0,1,1,364,364,0,1,0,1,149,s
1270,1,0,0,0,0,0,0,0,0,0,0,0,0,0,0,1,1,1221,1221,1,1,1,1,44,t
1277,1,0,0,0,0,0,0,0,0,0,0,0,0,0,0,1,1,1147,1147,1,1,0,1,201,t
1289,0,0,0,0,0,0,0,0,0,0,0,0,0,0,0,1,2,255,408,1,1,0,1,318,v
1292,1,0,0,0,0,0,1,0,0,0,0,0,0,0,0,0,5,1857,3662,0,1,0,1,240,t
1299,1,0,0,0,0,0,0,0,0,0,0,0,1,0,0,0,2,3709,3709,1,1,0,1,98,t
1300,1,0,0,0,0,0,0,0,0,0,0,0,0,0,0,1,1,217,217,1,1,0,1,40,t
1303,1,1,0,0,0,0,0,0,0,0,0,0,0,0,0,0,5,295,3020,1,1,1,1,531,v
1305,1,1,0,0,0,0,0,0,0,0,0,0,0,0,0,0,1,2914,2914,1,1,0,1,85,t
1311,1,0,0,0,0,1,0,0,0,0,0,0,0,0,0,0,4,2850,3458,1,1,1,1,129,v
1313,1,0,0,0,0,1,0,0,0,0,0,0,0,0,0,0,5,72,2485,1,1,0,1,229,v
1316,1,1,0,0,0,0,0,0,0,0,0,0,0,0,0,0,9,1128,3376,1,1,0,1,1289,t
1319,1,0,0,0,0,0,0,0,0,0,1,0,0,0,0,0,1,2310,2317,0,1,0,1,100,t
1322,1,0,0,0,0,1,0,0,0,0,0,0,0,0,0,0,1,1878,1878,1,1,0,1,35,s
1323,1,0,0,0,1,0,0,0,0,0,0,0,0,0,0,0,1,3020,3020,0,1,0,1,129,s
1330,0,0,0,0,0,1,0,0,0,0,0,0,0,0,0,0,1,2101,2101,0,1,0,1,146,t
1331,1,1,0,0,0,0,0,0,0,0,0,0,0,0,0,0,6,1581,3660,0,1,0,1,158,t
1332,1,0,0,0,0,0,0,0,0,1,0,0,0,0,0,0,3,1168,1963,0,1,1,1,40,t
1335,0,1,0,0,0,0,0,0,0,0,0,0,0,0,0,0,2,2548,2799,1,1,0,1,236,s
1336,1,1,0,0,0,0,0,0,0,0,0,0,0,0,0,0,1,2912,2912,0,1,0,1,161,t
1339,0,0,0,0,0,0,0,0,0,0,0,0,1,0,0,0,2,1701,1815,0,1,0,1,192,t
1341,1,1,0,0,0,0,0,0,0,0,0,0,0,0,0,0,10,289,3020,0,1,0,1,1214,t
1350,1,0,1,0,0,0,0,0,0,0,0,0,0,0,0,0,3,995,3125,1,1,0,1,236,v
1354,1,1,0,0,0,0,0,0,0,0,0,0,0,0,0,0,3,1995,2877,0,1,1,1,220,t
1359,1,1,0,0,0,0,0,0,0,0,0,0,0,0,0,0,1,2400,2400,0,1,0,1,161,v
1362,1,0,0,0,0,0,0,0,0,0,0,0,0,0,0,1,2,429,440,0,1,0,1,303,v
1368,1,0,0,0,0,0,0,0,0,0,0,0,1,0,0,0,3,1879,3914,1,1,1,1,258,v
1370,1,0,0,0,1,0,0,0,0,0,0,0,0,0,0,0,2,2891,2897,1,1,0,1,153,v
1371,1,0,0,0,0,0,0,0,0,0,0,0,0,0,0,1,2,1920,1942,1,1,1,1,130,t
1377,0,0,0,0,0,0,0,0,0,1,0,0,0,0,0,0,3,2333,3642,0,1,0,1,175,t
1380,1,0,0,0,0,0,0,0,0,0,0,1,0,0,0,0,1,2962,3248,1,1,0,1,128,s
1384,1,0,0,0,0,1,0,0,0,0,0,0,0,0,0,0,1,3157,3157,1,1,0,1,220,t
1386,1,0,0,0,0,1,0,0,0,0,0,0,0,0,0,0,1,2400,3159,1,1,0,1,13,v
1390,1,0,0,0,0,0,0,0,0,0,0,1,0,0,0,0,3,2887,3167,0,1,0,1,162,s
1399,1,0,0,0,0,0,0,1,0,0,0,0,0,0,0,0,2,217,3747,1,1,1,1,81,v
1400,0,0,0,0,0,0,0,0,0,0,0,0,0,0,0,1,1,658,658,0,1,1,1,203,v
1420,1,0,0,0,0,0,0,0,0,0,0,0,1,0,0,0,3,3433,3471,1,1,0,1,99,t
1426,1,0,0,0,0,0,0,0,0,1,0,0,0,0,0,0,2,2142,3572,0,1,0,1,68,s
1427,1,1,0,0,0,0,0,0,0,0,0,0,0,0,0,0,1,2873,3944,1,1,1,1,128,t
1431,1,0,0,0,1,0,0,0,0,0,0,0,0,0,0,0,1,3461,3461,1,1,0,1,198,t
1433,1,1,0,0,0,0,0,0,0,0,0,0,0,0,0,0,5,1240,3620,0,1,0,1,271,t
1437,0,1,0,0,0,0,0,0,0,0,0,0,0,0,0,0,3,1498,2758,0,1,1,1,162,v
1444,1,0,0,0,0,0,0,0,0,0,0,0,0,0,0,1,1,751,751,0,1,0,1,43,s
1447,1,0,0,0,0,1,0,0,0,0,0,0,0,0,0,0,1,2481,2481,1,1,0,1,130,s
1451,1,1,0,0,0,0,0,0,0,0,0,0,0,0,0,0,2,1135,2121,1,1,0,1,281,v
1453,0,0,0,0,0,0,0,0,0,1,0,0,0,0,0,0,1,4036,4036,0,1,1,1,129,t
1456,0,0,0,0,0,0,0,0,0,0,0,0,0,0,0,0,2,3552,3552,1,1,0,1,45,t
1458,1,0,0,0,0,1,0,0,0,0,0,0,0,0,0,0,1,567,567,1,1,1,1,139,s
1464,1,0,0,0,0,0,0,0,0,0,0,0,0,0,0,1,2,619,1416,1,1,1,1,43,t
1465,0,0,0,0,0,0,0,0,0,0,0,0,0,0,0,1,1,717,717,1,1,0,1,40,t
1472,1,1,0,0,0,0,0,0,0,0,0,0,0,0,0,0,2,3405,3405,1,1,0,1,229,v
1474,1,0,0,0,0,0,0,0,0,0,0,0,0,0,0,1,1,1647,1647,1,1,0,1,267,s
1475,1,1,0,0,0,0,0,0,0,0,0,0,0,0,0,0,2,3374,3375,1,1,0,1,34,t
1477,1,0,0,0,0,0,0,0,0,0,0,0,1,0,0,0,1,2856,2856,1,1,0,1,130,v
1479,1,0,0,0,0,1,0,0,0,0,0,0,0,0,0,0,4,519,2539,0,1,0,1,422,s
1499,1,0,0,0,0,0,0,0,0,0,0,0,0,0,0,1,2,757,855,0,1,0,1,163,v
1501,1,0,0,0,0,0,0,0,0,0,0,0,0,0,0,1,1,861,861,1,1,0,1,65,t
1502,0,1,0,0,0,0,0,0,0,0,0,0,0,0,0,0,1,3552,3552,1,1,0,1,100,s
1506,1,0,0,0,0,0,0,0,0,0,0,0,1,0,0,0,1,1836,1836,1,1,0,1,40,v
1517,1,1,0,0,0,0,0,0,0,0,0,0,0,0,0,0,3,3387,3390,1,1,0,1,203,v
1519,0,0,0,0,0,0,0,0,0,0,0,0,0,0,0,1,1,2551,2551,0,1,0,1,282,s
1520,1,0,0,0,0,1,0,0,0,0,0,0,0,0,0,0,1,2681,2735,1,1,0,1,130,t
1523,1,0,0,0,0,1,0,0,0,0,0,0,0,0,0,0,1,2530,2530,0,1,0,1,130,v
1527,1,0,0,0,0,0,0,0,0,0,0,0,0,0,0,1,1,574,574,1,1,0,1,495,s
1528,0,0,0,0,0,1,0,0,0,0,0,0,0,0,0,0,4,1521,1725,1,1,1,1,20,t
1529,1,0,0,0,1,0,0,0,0,0,0,0,0,0,0,0,5,463,3649,1,1,0,1,402,t
1534,0,0,0,0,0,0,0,0,0,0,0,0,0,0,0,1,2,987,995,0,1,1,1,58,v
1537,0,0,0,0,0,1,0,0,0,0,0,0,0,0,0,0,1,2891,2905,1,1,1,1,273,v
1539,1,0,0,0,1,0,0,0,0,0,0,0,0,0,0,0,1,3024,3024,1,1,0,1,129,v
1541,1,0,0,0,0,0,0,0,0,1,0,0,0,0,0,0,1,2912,2912,1,1,0,1,161,t
1542,0,0,0,1,0,0,0,0,0,0,0,0,0,0,0,0,2,3642,3642,1,1,0,1,125,t
1545,1,1,0,0,0,0,0,0,0,0,0,0,0,0,0,0,3,216,2081,1,1,0,1,360,v
1546,1,0,0,0,0,1,0,0,0,0,0,0,0,0,0,0,1,2583,2583,0,1,0,1,55,t
1554,0,0,0,0,0,1,0,0,0,0,0,0,0,0,0,0,1,822,822,1,1,0,1,56,t
1556,1,0,0,1,0,0,0,0,0,0,0,0,0,0,0,0,1,2831,2831,1,1,0,1,160,t
1560,1,0,0,0,1,0,0,0,0,0,0,0,0,0,0,0,3,1206,2313,0,1,0,1,195,v
1561,1,0,0,0,0,0,0,0,0,0,0,0,0,0,0,1,2,835,1086,1,1,0,1,99,t
1563,1,1,0,0,0,0,0,0,0,0,0,0,0,0,0,0,2,3709,3709,1,1,0,1,198,v
1564,1,1,0,0,0,0,0,0,0,0,0,0,0,0,0,0,2,3704,3704,1,1,0,1,326,t
1568,1,0,0,0,1,0,0,0,0,0,0,0,0,0,0,0,1,3243,3243,0,1,0,1,183,t
1576,1,1,0,0,0,0,0,0,0,0,0,0,0,0,0,0,1,2074,2074,0,1,0,1,130,v
1578,0,0,0,0,0,0,0,0,0,0,0,0,1,0,0,0,1,640,640,1,1,0,1,58,t
1587,1,0,0,0,1,0,0,0,0,0,0,0,0,0,0,0,1,3265,3265,0,1,0,1,98,t
1588,1,1,0,0,0,0,0,0,0,0,0,0,0,0,0,0,2,3684,3684,1,1,0,1,69,t
1594,1,0,0,0,1,0,0,0,0,0,0,0,0,0,0,0,2,2375,2422,0,1,1,1,318,v
1598,1,0,0,0,0,0,0,0,0,0,0,0,1,0,0,0,1,2962,3157,1,1,0,1,181,t
1618,1,0,0,0,0,0,0,0,0,0,0,0,1,0,0,0,1,4036,4036,1,1,1,1,97,t
1624,1,0,0,0,0,0,0,0,0,0,0,0,0,0,0,1,1,1584,1584,0,1,0,1,140,v
1625,0,0,0,0,0,0,0,0,0,0,0,0,0,0,0,1,1,1087,1087,1,1,0,1,263,s
1628,1,0,0,0,0,0,0,0,0,0,0,0,1,0,0,0,4,1856,2564,0,1,0,1,141,t
1640,0,0,0,0,0,1,0,0,0,0,0,0,0,0,0,0,3,2682,2859,0,1,0,1,429,v
1644,1,0,0,0,0,0,0,0,0,0,1,0,0,0,0,0,5,2045,2508,1,1,1,1,187,t
1648,0,0,0,0,0,0,0,0,0,0,0,0,0,0,0,1,1,71,71,1,1,0,1,55,t
1654,1,0,0,0,0,0,0,0,0,0,0,0,1,0,0,0,2,1823,1869,0,1,0,1,75,s
1655,1,1,0,0,0,0,0,0,0,0,0,0,0,0,0,0,2,2080,2108,1,1,1,1,161,v
1666,1,1,0,0,0,0,0,0,0,0,0,0,0,0,0,0,1,1128,3382,0,1,0,1,153,t
1672,1,1,0,0,0,0,0,0,0,0,0,0,0,0,0,0,1,4005,4005,1,1,0,1,68,v
1675,1,0,0,0,0,1,0,0,0,0,0,0,0,0,0,0,2,1382,2402,1,1,0,1,159,v
1686,1,0,0,0,0,0,0,0,0,1,0,0,0,0,0,0,1,2327,2327,1,1,0,1,418,t
1689,1,0,0,0,0,1,0,0,0,0,0,0,0,0,0,0,1,2408,2408,0,1,0,1,130,v
1696,0,0,0,0,0,0,0,0,0,0,0,0,0,0,0,1,1,617,617,0,1,0,1,178,v
1697,1,0,0,0,0,0,0,0,0,0,0,0,0,0,0,1,1,416,416,1,1,0,1,40,t
1701,1,0,0,1,0,0,0,0,0,0,0,0,0,0,0,0,1,3306,3306,0,1,0,1,68,v
1702,1,0,1,0,0,0,0,0,0,0,0,0,0,0,0,0,1,3125,3125,1,1,0,1,134,s
1706,1,0,0,0,0,1,0,0,0,0,0,0,0,0,0,0,1,2746,2746,1,1,0,1,411,t
1707,0,0,0,0,0,0,0,0,0,0,0,0,1,0,0,0,2,3579,3579,1,1,0,1,107,s
1709,1,1,0,0,0,0,0,0,0,0,0,0,0,0,0,0,2,3646,3646,0,1,0,1,128,v
1713,1,0,0,0,0,0,0,0,0,0,1,0,0,0,0,0,1,3177,3177,0,1,0,1,10,v
1720,1,0,0,0,0,0,1,0,0,0,0,0,0,0,0,0,1,920,920,0,1,1,1,141,v
1724,1,0,0,0,0,0,0,0,0,0,0,0,1,0,0,0,2,2284,2634,0,1,1,1,251,t
1730,1,0,0,0,0,1,0,0,0,0,0,0,0,0,0,0,2,962,2943,1,1,0,1,206,s
1735,1,0,0,0,0,0,0,0,0,0,0,0,0,0,0,1,1,1877,1877,1,1,0,1,56,t
1740,1,0,0,0,0,0,0,0,0,0,0,1,0,0,0,0,1,3222,3222,1,1,0,1,34,v
1742,1,0,0,0,0,0,0,0,0,1,0,0,0,0,0,0,2,1618,1653,0,1,1,1,3,v
1751,1,1,0,0,0,0,0,0,0,0,0,0,0,0,0,0,1,2998,2998,0,1,0,1,410,t
1752,1,0,1,0,0,0,0,0,0,0,0,0,0,0,0,0,1,1261,1261,1,1,0,1,44,v
1758,1,0,0,0,0,0,0,0,0,1,0,0,0,0,0,0,4,227,2915,1,1,1,1,508,t
1761,1,0,0,0,0,1,0,0,0,0,0,0,0,0,0,0,3,1878,2619,0,1,0,1,182,t
1763,1,1,0,0,0,0,0,0,0,0,0,0,0,0,0,0,7,1130,3944,1,1,0,1,1055,v
1765,1,1,0,0,0,0,0,0,0,0,0,0,0,0,0,0,2,360,2696,0,1,0,1,279,v
1768,1,0,0,0,0,0,0,0,0,0,0,0,1,0,0,0,4,875,1536,0,1,1,1,197,s
1776,1,0,0,0,0,0,0,0,0,1,0,0,0,0,0,0,1,3229,3229,1,1,0,1,68,s
1777,1,1,0,0,0,0,0,0,0,0,0,0,0,0,0,0,2,2971,2976,1,1,0,1,316,t
1781,1,0,0,0,0,0,0,0,0,1,0,0,0,0,0,0,1,1948,1948,1,1,0,1,54,t
1782,1,0,0,0,0,0,0,0,0,0,1,0,0,0,0,0,1,3416,3416,1,1,0,1,10,s
1786,1,0,0,0,0,1,0,0,0,0,0,0,0,0,0,0,2,1983,2158,1,1,0,1,190,s
1792,1,0,0,0,0,0,0,0,0,0,0,0,1,0,0,0,2,2366,3120,1,1,0,1,288,v
1794,1,0,0,0,0,0,0,0,0,1,0,0,0,0,0,0,2,2831,2865,0,1,1,1,161,v
1800,1,0,0,0,1,0,0,0,0,0,0,0,0,0,0,0,2,2326,2334,1,1,0,1,343,t
1805,1,0,0,0,0,0,0,0,0,0,0,0,0,0,1,0,3,1658,2467,1,1,1,1,184,t
1810,1,1,0,0,0,0,0,0,0,0,0,0,0,0,0,0,2,2456,2576,0,1,0,1,220,s
1813,1,0,0,0,0,0,0,0,0,1,0,0,0,0,0,0,3,2836,3143,1,1,0,1,506,v
1814,0,0,0,0,0,0,0,0,0,0,0,0,1,0,0,0,1,2955,2955,1,1,1,1,173,t
1815,0,0,0,0,0,0,0,0,0,0,0,0,1,0,0,0,1,3342,3342,0,1,0,1,110,s
1824,1,0,0,0,0,1,0,0,0,0,0,0,0,0,0,0,2,2759,2794,0,1,0,1,136,t
1830,1,0,0,0,0,1,0,0,0,0,0,0,0,0,0,0,1,2656,2656,1,1,0,1,130,v
1833,1,1,0,0,0,0,0,0,0,0,0,0,0,0,0,0,1,2107,2107,1,1,0,1,161,v
1836,1,0,0,0,0,0,1,0,0,0,0,0,0,0,0,0,1,960,960,0,1,0,1,81,s
1838,1,0,0,0,0,0,0,0,0,0,1,0,0,0,0,0,1,3398,3398,0,1,0,1,10,v
1841,1,1,0,0,0,0,0,0,0,0,0,0,0,0,0,0,1,2418,2418,1,1,1,1,161,s
1845,1,1,0,0,0,0,0,0,0,0,0,0,0,0,0,0,1,3590,3590,1,1,0,1,228,s
1849,1,1,0,0,0,0,0,0,0,0,0,0,0,0,0,0,9,216,3660,0,1,0,1,1176,v
1852,1,1,0,0,0,0,0,0,0,0,0,0,0,0,0,0,1,2102,2102,0,1,0,1,54,s
1855,1,0,0,0,0,0,0,0,0,0,0,0,0,0,0,1,2,1123,1135,0,1,0,1,42,t
1856,1,0,0,0,0,0,0,0,0,0,0,0,1,0,0,0,2,3548,3548,1,1,1,1,131,v
1862,1,0,0,0,0,0,0,1,0,0,0,0,0,0,0,0,1,3587,3746,1,1,0,1,43,t
1864,1,0,0,0,0,0,0,0,0,0,0,0,1,0,0,0,1,2775,2775,0,1,0,1,33,v
1869,1,0,0,0,0,0,0,0,0,0,0,0,1,0,0,0,2,239,560,1,1,0,1,1200,t
1872,1,0,0,0,0,1,0,0,0,0,0,0,0,0,0,0,2,1392,1408,1,1,0,1,303,s
1876,1,1,0,0,0,0,0,0,0,0,0,0,0,0,0,0,1,3019,3019,1,1,0,1,184,t
1894,1,1,0,0,0,0,0,0,0,0,0,0,0,0,0,0,1,668,1926,1,1,0,1,84,v
1900,1,0,0,0,1,0,0,0,0,0,0,0,0,0,0,0,3,3215,3684,0,1,0,1,122,t
1901,1,1,0,0,0,0,0,0,0,0,0,0,0,0,0,0,3,834,3011,0,1,1,1,160,t
1907,1,0,0,0,1,0,0,0,0,0,0,0,0,0,0,0,3,598,3251,0,1,1,1,6,t
1908,1,0,1,0,0,0,0,0,0,0,0,0,0,0,0,0,2,2380,2404,1,1,0,1,88,t
1915,1,0,0,0,0,0,0,0,0,0,0,0,0,0,1,0,5,465,3791,1,1,0,1,297,s
1922,1,0,0,0,0,0,1,0,0,0,0,0,0,0,0,0,2,3660,3660,0,1,0,1,33,t
1923,1,0,0,0,1,0,0,0,0,0,0,0,0,0,0,0,2,3222,3436,1,1,0,1,130,t
1926,1,0,0,0,0,0,0,0,0,0,0,0,0,0,0,1,1,714,714,0,1,0,1,163,t
1928,1,0,0,0,0,0,0,0,0,0,0,0,1,0,0,0,2,2296,2466,0,1,0,1,318,v
1930,1,0,0,0,0,0,0,0,0,0,0,1,0,0,0,0,1,2960,3194,0,1,1,1,160,v
1940,1,1,0,0,0,0,0,0,0,0,0,0,0,0,0,0,1,3914,3914,1,1,0,1,139,s
1941,1,1,0,0,0,0,0,0,0,0,0,0,0,0,0,0,2,1570,2369,1,1,0,1,203,v
1946,1,0,0,0,0,0,0,0,0,0,0,0,0,0,0,1,2,1073,1080,0,1,0,1,57,v
1949,1,0,0,0,0,0,0,0,0,0,0,0,0,0,0,1,1,1564,1564,1,1,0,1,91,v
1950,1,0,0,0,0,0,0,0,0,0,0,1,0,0,0,0,1,3243,3243,0,1,0,1,135,t
1955,1,0,0,0,0,1,0,0,0,0,0,0,0,0,0,0,1,1766,1766,0,1,0,1,142,s
1957,1,0,0,0,0,0,0,0,0,0,1,0,0,0,0,0,1,1288,2317,0,1,0,1,95,t
1961,1,0,0,0,0,0,0,0,0,0,0,0,1,0,0,0,2,1288,2073,1,1,0,1,508,v
1962,1,0,0,0,0,0,0,0,0,0,0,0,0,0,0,1,1,962,962,0,1,0,1,263,t
1964,1,0,0,0,0,0,0,0,0,1,0,0,0,0,0,0,1,1919,1919,1,1,0,1,150,v
1970,1,0,0,0,0,0,0,0,0,0,0,0,0,0,0,1,2,1233,1246,0,1,0,1,81,t
1974,1,0,0,0,0,1,0,0,0,0,0,0,0,0,0,0,2,1135,1408,1,1,0,1,287,s
1976,1,0,0,0,0,0,0,0,0,0,0,0,1,0,0,0,6,778,2219,0,1,0,1,577,t
1981,1,0,0,0,1,0,0,0,0,0,0,0,0,0,0,0,1,3340,3340,1,1,0,1,98,s
1986,1,0,0,0,0,0,0,0,0,0,0,0,0,0,0,1,1,659,659,1,1,0,1,188,v
1989,1,0,0,0,0,0,0,0,0,0,0,0,1,0,0,0,1,3299,3299,1,1,0,1,69,v
1990,0,0,0,0,0,0,0,0,0,0,0,0,1,0,0,0,1,3436,3436,0,1,0,1,1030,s
1991,1,1,0,0,0,0,0,0,0,0,0,0,0,0,0,0,3,1415,2431,1,1,1,1,130,t
1992,1,0,0,0,0,0,0,0,0,0,0,0,1,0,0,0,1,2807,2807,0,1,0,1,55,t
1993,1,0,0,0,0,0,0,1,0,0,0,0,0,0,0,0,2,2466,3747,0,1,0,1,133,s
1995,1,0,0,0,0,1,0,0,0,0,0,0,0,0,0,0,2,1136,1400,0,1,0,1,184,t
1997,1,0,0,0,0,0,0,0,0,0,1,0,0,0,0,0,1,2633,2633,1,1,0,1,10,t
