{"name": "ssl", "children": [{"name": "BIN_Tbot_5375FB5E867680FFB8E72D29DB9ABBD5_2012-12", "children": [{"name": "10203", "children": [{"name": "www.x3tzof37eel4wii.com", "size": 1}]}, {"name": "9060", "children": [{"name": "www.v4tqtiauv5.com", "size": 1}]}, {"name": "5001", "children": [{"name": "www.imeko5otgszak4.com", "size": 1}]}, {"name": "9101", "children": [{"name": "www.umyq3bh4quz24ivtby5nrayh6.com", "size": 1}]}, {"name": "80", "children": [{"name": "www.rbgnlzi3jgetoxkzqy75gf.com", "size": 1}]}, {"name": "44945", "children": [{"name": "www.sbmfggvo26v4ciy.com", "size": 1}]}, {"name": "39030", "children": [{"name": "www.64uciua.com", "size": 1}]}, {"name": "9001", "children": [{"name": "www.ldnhgnlygfpooyl.com", "size": 1}, {"name": "www.z35dradyeqyp7a55l73twt.com", "size": 1}, {"name": "www.ytcktlvftxuayff.com", "size": 1}, {"name": "www.nktx75xswj4bdkzwr.com", "size": 1}, {"name": "www.5u37zx.com", "size": 1}, {"name": "www.pgepf55.com", "size": 1}, {"name": "www.t4ra.com", "size": 1}, {"name": "www.oa3kc7qa5.com", "size": 1}, {"name": "www.dty4wjw4pluvv.com", "size": 1}]}, {"name": "443", "children": [{"name": "www.hoqczcihe3afnb5h.com", "size": 1}, {"name": "www.3yksb5uu6h2vacmutmwhlohm5.com", "size": 1}, {"name": "www.fnuv6bnfpfivach664.com", "size": 1}, {"name": "www.ivzgpbf55whu2m7khzmmrv.com", "size": 1}, {"name": "www.mrcwi4cej5m.com", "size": 1}, {"name": "www.obwvdhiybralhmdim5frh.com", "size": 1}, {"name": "www.maql7qhiadll7wpwc5ji.com", "size": 1}, {"name": "www.uhhttr24mbiiigbypqb4a.com", "size": 1}, {"name": "www.vv2kgrp27ycsiin664ooqz.com", "size": 1}, {"name": "www.wozpl3t7o.com", "size": 1}, {"name": "www.ryih4livsh3tqx6xqkozghjb.com", "size": 1}, {"name": "www.ppupxyyt2yxgxbfh7ptpkm.com", "size": 1}, {"name": "www.fkwxd.com", "size": 1}, {"name": "www.a4grdymgccamccd.com", "size": 1}, {"name": "www.bt5qn4edtog.com", "size": 1}, {"name": "www.7f56wbkr.com", "size": 1}, {"name": "www.hih6mlcnvec52gvozosle6oe7.com", "size": 1}, {"name": "www.velgehf37r2miiz22rt.com", "size": 1}, {"name": "www.5gwwuuomvh4aayxc47lnqag.com", "size": 1}, {"name": "www.q7emzwruunyln7y5se.com", "size": 1}, {"name": "www.4ae7bhbe3vwykaetow67swg.com", "size": 1}, {"name": "www.4v2ddyxbnjeeys.com", "size": 1}, {"name": "www.frxeurxocwpevo2lxq.com", "size": 1}, {"name": "www.ruvhas64.com", "size": 1}, {"name": "www.tvpjpqrfu.com", "size": 1}, {"name": "www.clwfhegzhknjxrqgo.com", "size": 1}, {"name": "www.u4haa.com", "size": 1}, {"name": "www.amdspuvfnwejdbac3s4eyiiei.com", "size": 1}, {"name": "www.maeia34v.com", "size": 1}, {"name": "www.5sja.com", "size": 1}, {"name": "www.qkvp2apdw5ugv6jxks6sq5dp.com", "size": 1}, {"name": "www.czjs7.com", "size": 1}, {"name": "www.ualwh3gdv23poqjigr3z.com", "size": 1}, {"name": "www.nhz7cf7cb2apz4ldp2bwoj43.com", "size": 1}]}]}, {"name": "EK_Blackholev2_2012-09", "children": [{"name": "443", "children": [{"name": "-", "size": 1}]}]}, {"name": "BIN_Cutwail_284Fb18Fab33C93Bc69Ce392D08Fd250_2012-10", "children": [{"name": "443", "children": [{"name": "-", "size": 1}]}]}, {"name": "BIN_ZeroAccess_3169969E91F5FE5446909BBAB6E14D5D_2012-10", "children": [{"name": "443", "children": [{"name": "-", "size": 1}]}]}, {"name": "BIN_Cutwail-Pushdo(2)_582DE032477E099EB1024D84C73E98C1", "children": [{"name": "443", "children": [{"name": "-", "size": 1}]}]}, {"name": "BIN_Vobfus_634AA845F5B0B519B6D8A8670B994906_2012-12", "children": [{"name": "443", "children": [{"name": "-", "size": 1}]}]}, {"name": "BIN_Ramnitpcap_2012-01", "children": [{"name": "443", "children": [{"name": "-", "size": 1}]}]}, {"name": "EK_Blackholev1_2012-08", "children": [{"name": "443", "children": [{"name": "-", "size": 1}]}]}, {"name": "purplehaze", "children": [{"name": "443", "children": [{"name": "-", "size": 1}]}]}, {"name": "EK_Smokekt150(Malwaredontneedcoffee)_2012-09", "children": [{"name": "443", "children": [{"name": "javadl-esd-secure.oracle.com", "size": 1}]}]}, {"name": "BIN_Tbot_23AAB9C1C462F3FDFDDD98181E963230_2012-12", "children": [{"name": "8443", "children": [{"name": "www.lady4l6bof3jvzzkqqa7a2m.com", "size": 1}]}, {"name": "9001", "children": [{"name": "www.thpyi2djdbr4hxbkptgy.com", "size": 1}, {"name": "www.fgd2iwya7vinfutj5wq5we.com", "size": 1}, {"name": "www.qrnsr2ixn6zerdqnzs63r626.com", "size": 1}, {"name": "www.lw6sfzuq3.com", "size": 1}, {"name": "www.66ukjy.com", "size": 1}, {"name": "www.ohqz2mpxrg4lb6h.com", "size": 1}, {"name": "www.5uisa.com", "size": 1}, {"name": "www.5gbfxkjhewysldgoxur.com", "size": 1}, {"name": "www.ltpctb.com", "size": 1}, {"name": "www.flbe26vcdki5crzvepzzmpgg.com", "size": 1}, {"name": "www.z6hpqbs7mjma6knn.com", "size": 1}, {"name": "www.v3qo5q.com", "size": 1}]}, {"name": "80", "children": [{"name": "www.nz5tpbocxrl727jxci.com", "size": 1}, {"name": "www.cj3vb6e45w2jryxzdnag5y.com", "size": 1}]}, {"name": "44945", "children": [{"name": "www.5qik4mvxyrhrvkhfqjsfpe.com", "size": 1}]}, {"name": "22", "children": [{"name": "www.bphjcw.com", "size": 1}]}, {"name": "443", "children": [{"name": "www.kcnh7pmqw7jc2jrhg47h.com", "size": 1}, {"name": "www.x7fdu64wslvvpk7.com", "size": 1}, {"name": "www.ortvijssosqjeidjdaj.com", "size": 1}, {"name": "www.7rfctjk6du.com", "size": 1}, {"name": "www.36mvdxlld.com", "size": 1}, {"name": "www.qbtxzhetq4s2f.com", "size": 1}, {"name": "www.fx6irelroeo5d7mjk.com", "size": 1}, {"name": "www.mjxgkwtm2l757.com", "size": 1}, {"name": "www.gniq.com", "size": 1}, {"name": "www.etsdwvuesanhwcsigtwtbjkss.com", "size": 1}, {"name": "www.gu7mkb.com", "size": 1}, {"name": "www.lljbcjlkr6.com", "size": 1}, {"name": "www.if72kuoxwhh5.com", "size": 1}, {"name": "www.3qnzrtpahsvlalwd.com", "size": 1}, {"name": "www.2ac3.com", "size": 1}]}]}, {"name": "BIN_Googledocs_macadocs_2012-12", "children": [{"name": "443", "children": [{"name": "-", "size": 1}]}]}, {"name": "BIN_Cutwail-Pushdo(1)_582DE032477E099EB1024D84C73E98C1", "children": [{"name": "443", "children": [{"name": "-", "size": 1}]}]}, {"name": "BIN_Tbot_2E1814CCCF0C3BB2CC32E0A0671C0891_2012-12", "children": [{"name": "10203", "children": [{"name": "www.sqzhpbncwezqjocze2arciro.com", "size": 1}]}, {"name": "9001", "children": [{"name": "www.6fwotxu2.com", "size": 1}, {"name": "www.w3woqnnv2hker.com", "size": 1}, {"name": "www.d6dh.com", "size": 1}, {"name": "www.lwvjgy25esphngajr7nit65xy.com", "size": 1}, {"name": "www.lam2b2.com", "size": 1}, {"name": "www.2jh3iq.com", "size": 1}, {"name": "www.xy6a.com", "size": 1}, {"name": "www.p5r5vru7a.com", "size": 1}, {"name": "www.yvrfwi3jvukj.com", "size": 1}, {"name": "www.m3l7hekpbmh3hv.com", "size": 1}, {"name": "www.h6v4rzfaoh7iwjbwchdkxk5r.com", "size": 1}, {"name": "www.54qrxwvimf35.com", "size": 1}, {"name": "www.jwrpsthzrih.com", "size": 1}, {"name": "www.n74om4nlhhlfcfuucm.com", "size": 1}, {"name": "www.kyswssz.com", "size": 1}]}, {"name": "9002", "children": [{"name": "www.7mmi6y7nhxxl3xdtoquu.com", "size": 1}]}, {"name": "80", "children": [{"name": "www.pwq6ifne7sbloftmi.com", "size": 1}, {"name": "www.a5ryc.com", "size": 1}]}, {"name": "44945", "children": [{"name": "www.w6wo5d7enjs3nx3xcsvxhnq7u.com", "size": 1}]}, {"name": "443", "children": [{"name": "www.3rnjmasnxg2rduwak3tfpegc.com", "size": 1}, {"name": "www.a3pqusm57skl5pkgi.com", "size": 1}, {"name": "www.hoi7duw.com", "size": 1}, {"name": "www.nhoqywktzrxr.com", "size": 1}, {"name": "www.wv5npsememeyqlxeejajjh.com", "size": 1}, {"name": "www.tntgu2nvt3x4wguftukjoauw.com", "size": 1}, {"name": "www.5akw23dx.com", "size": 1}, {"name": "www.cb4bqglwg.com", "size": 1}, {"name": "www.6bwdgj3gw3.com", "size": 1}, {"name": "www.phllv4qobdq66lvikg4.com", "size": 1}, {"name": "www.enh3nbiuvze2zmjh2e.com", "size": 1}, {"name": "www.zupgh57porobex5l6rn7gn4b.com", "size": 1}, {"name": "www.zzrv3tbbn4a.com", "size": 1}, {"name": "www.2zsvs4anpba.com", "size": 1}, {"name": "www.jozhagprwwaiayfwtyp.com", "size": 1}, {"name": "www.3wdnnh3u5yplvxb5.com", "size": 1}, {"name": "www.3v6dp44pvo5js.com", "size": 1}, {"name": "www.mdxu5pezm5gctjsiz57jnjlbc.com", "size": 1}, {"name": "www.64bccb.com", "size": 1}, {"name": "www.asswm4tmuhnki6zu3j3te.com", "size": 1}, {"name": "www.6w46ly73emchq6sf.com", "size": 1}, {"name": "www.jwjftcuh7svsqg7il5z.com", "size": 1}, {"name": "www.jil7bq.com", "size": 1}, {"name": "www.o4rtqjectd6cr7xj2plup.com", "size": 1}, {"name": "www.5q63st2ps33cy5k.com", "size": 1}, {"name": "www.zkt4.com", "size": 1}, {"name": "www.igi4wpls4vqtpv.com", "size": 1}, {"name": "www.fk4pprq42hsvl2wey.com", "size": 1}, {"name": "www.m5467gyzaao3dogqgkgnsjz4.com", "size": 1}, {"name": "www.74ta4h.com", "size": 1}, {"name": "www.gl4fqk3ut2jrhm4hhbn735.com", "size": 1}, {"name": "www.odvlsr75agy44jkafb5.com", "size": 1}, {"name": "www.227aiacoza6v7ixlcctzdrpv4.com", "size": 1}, {"name": "www.rx4a.com", "size": 1}, {"name": "www.crv7maoy7qf5z.com", "size": 1}]}]}, {"name": "BIN_Darkmegi_2012-04", "children": [{"name": "443", "children": [{"name": "watson.microsoft.com", "size": 1}, {"name": "urs.microsoft.com", "size": 1}]}]}, {"name": "BIN_Tbot_FC7C3E087789824F34A9309DA2388CE5_2012-12", "children": [{"name": "10203", "children": [{"name": "www.pcnia4i6e6w.com", "size": 1}]}, {"name": "5251", "children": [{"name": "www.apvdhtymray2hmgoqhbm6g.com", "size": 1}]}, {"name": "9001", "children": [{"name": "www.yj6xepik.com", "size": 1}, {"name": "www.ytedf3vqd4hxjo7rmhe6.com", "size": 1}, {"name": "www.7dezfrpxuvmtr.com", "size": 1}, {"name": "www.ixujwd4xkniziqnooq.com", "size": 1}, {"name": "www.lxymbanhnoxbique5nlg.com", "size": 1}, {"name": "www.obkkw63vb2lbaxre64cmlkfg.com", "size": 1}, {"name": "www.gsen3cievf3px7anzc6j.com", "size": 1}, {"name": "www.fptl.com", "size": 1}, {"name": "www.h6kawamvhokv.com", "size": 1}, {"name": "www.k2u3bnbhxhpl.com", "size": 1}, {"name": "www.h5hgbrs75gl3c5uh5xnld3i.com", "size": 1}, {"name": "www.pdpqsu.com", "size": 1}, {"name": "www.5ufazold46tki6mockerecw.com", "size": 1}, {"name": "www.ecolovzizqhsa6cwf.com", "size": 1}, {"name": "www.f2ffe7nzhqpvjm52lpyyy7t.com", "size": 1}, {"name": "www.guklrswhd6utu.com", "size": 1}, {"name": "www.p7f7ohivdmjphf.com", "size": 1}, {"name": "www.tzsagelhmcfcr.com", "size": 1}, {"name": "www.xyd343blh65abyczx47nswrrk.com", "size": 1}, {"name": "www.pbqqnnib7vserd.com", "size": 1}, {"name": "www.cx7dg5bcn4cy.com", "size": 1}]}, {"name": "9101", "children": [{"name": "www.seu4oxkf6.com", "size": 1}]}, {"name": "6001", "children": [{"name": "www.ttd72g7llrrh6cwbivwf2atpl.com", "size": 1}]}, {"name": "11443", "children": [{"name": "www.bneghg3axzl75sn7k2pdzor.com", "size": 1}]}, {"name": "7540", "children": [{"name": "www.nijvbs5nuyn7zkemgi.com", "size": 1}]}, {"name": "443", "children": [{"name": "www.4x4fp.com", "size": 1}, {"name": "www.x3os5xrkcr7a2rpmxre2.com", "size": 1}, {"name": "www.7qs76weazsfxjgvkwgnbvs.com", "size": 1}, {"name": "www.qnqxclmrk2cqskkb732czjma.com", "size": 1}, {"name": "www.2c27bhbej.com", "size": 1}, {"name": "www.busdvimuibiundyob3e74js.com", "size": 1}, {"name": "www.ecajni2stg3733w4jgi75.com", "size": 1}, {"name": "www.vkojgy6imcvg.com", "size": 1}, {"name": "www.xgg7z26hwc5mphyih.com", "size": 1}, {"name": "www.bxstw.com", "size": 1}, {"name": "www.dbyryztrr7sui3rskjvikes.com", "size": 1}, {"name": "www.3565k.com", "size": 1}, {"name": "www.granmiqzl66n4run3rhniu.com", "size": 1}, {"name": "www.f3vzvxsedn.com", "size": 1}, {"name": "www.zr7kfc25mofcq.com", "size": 1}, {"name": "www.cmeh4agzyphi.com", "size": 1}, {"name": "www.hamsnp.com", "size": 1}, {"name": "www.uabjbwhkanlomodm5xst.com", "size": 1}, {"name": "www.zk2sv4vbwtanvh6x.com", "size": 1}, {"name": "www.xqwf7xs6nycmciil3t5e4fy5v.com", "size": 1}, {"name": "www.har6jonzmyseeo6nctavifi.com", "size": 1}, {"name": "www.zvnbxtgu5dwe6lwc.com", "size": 1}, {"name": "www.6p44gaqbav.com", "size": 1}, {"name": "www.juipuxm76hu6df6.com", "size": 1}, {"name": "www.6ll3wnw5dmg.com", "size": 1}, {"name": "www.2ipe23pugsiii.com", "size": 1}, {"name": "www.ebd7caljnsax.com", "size": 1}, {"name": "www.xf3225vc7drvcgborjll3.com", "size": 1}, {"name": "www.mjk3u24hvk3jnp.com", "size": 1}, {"name": "www.qn27bezt47l2.com", "size": 1}, {"name": "www.b6lwb6v.com", "size": 1}, {"name": "www.fjpv.com", "size": 1}, {"name": "www.d2mvg7pvjlxfkgv3cx6.com", "size": 1}, {"name": "www.rix56ao4hxldum4zbyim.com", "size": 1}, {"name": "www.hh62esff4qj5.com", "size": 1}, {"name": "www.dl2eypxu3.com", "size": 1}, {"name": "www.by4seu7gjht7.com", "size": 1}, {"name": "www.ofbw37.com", "size": 1}, {"name": "www.ixmddm3n5wb.com", "size": 1}, {"name": "www.zn26rblhi.com", "size": 1}, {"name": "www.gk4t2qqrknmvqtq.com", "size": 1}, {"name": "www.3lwerxmlqmq2jsjioqgx5kkyc.com", "size": 1}, {"name": "www.le25thyzwhsryfg5nn5o7qux.com", "size": 1}, {"name": "www.iiieva7xl.com", "size": 1}, {"name": "www.x2ukazms.com", "size": 1}, {"name": "www.bzjv4o.com", "size": 1}, {"name": "www.2mjgc3fuf26j7syf4pbf7xo.com", "size": 1}]}]}, {"name": "BIN_ZeroAccess_Sirefef_C2A9CCC8C6A6DF1CA1725F955F991940_2013-08", "children": [{"name": "443", "children": [{"name": "-", "size": 1}]}]}, {"name": "PDF_CVE-2011-2462_Pdf_2011-12", "children": [{"name": "443", "children": [{"name": "-", "size": 1}]}]}, {"name": "BIN_Enfal_Lurid_0fb1b0833f723682346041d72ed112f9_2013-01", "children": [{"name": "443", "children": [{"name": "-", "size": 1}]}]}, {"name": "BIN_TrojanPage_86893886C7CBC7310F7675F4EFDE0A29", "children": [{"name": "443", "children": [{"name": "-", "size": 1}]}]}]}