{"children": [{"children": [{"children": [{"id": 1683, "label": "usbmux:_AMDev:(threa:0x1007:connec:failed:61."}, {"id": 1645, "label": "usbmux:_AMDev:(threa:0x1006:connec:failed:61."}], "id": "1645_1683", "label": "connec:usbmux:_AMDev:failed:(threa:61."}, {"children": [{"children": [{"id": 1685, "label": "usbmux:_AMDev:(threa:0x1007:Pair:worker:could:not:start:heartb:with:device:5:(0xe80"}, {"id": 1647, "label": "usbmux:_AMDev:(threa:0x1006:Pair:worker:could:not:start:heartb:with:device:4:(0xe80"}], "id": "1647_1685", "label": "_AMDev:usbmux:heartb:could:worker:start:(threa:(0xe80:device:not:with:Pair"}, {"children": [{"id": 1684, "label": "usbmux:AMDevi:(threa:0x1007:Could:not:connec:to:\"com.a:servic:on:port:58307,:device:5:-:d8a67f"}, {"id": 1646, "label": "usbmux:AMDevi:(threa:0x1006:Could:not:connec:to:\"com.a:servic:on:port:58282,:device:4:-:d8a67f"}], "id": "1646_1684", "label": "on:servic:connec:usbmux:not:\"com.a:Could:-:to:(threa:device:d8a67f:port:AMDevi"}], "id": "1684_1685", "label": "not:device:(threa:usbmux"}], "id": "1683_1685", "label": "(threa:usbmux"}, {"children": [{"id": 321, "label": "netbio:networ:::networ:is:not:reacha:netbio:is:shutti:down"}, {"id": 418, "label": "netbio:networ:::networ:is:not:reacha:netbio:is:shutti:down"}, {"id": 1059, "label": "netbio:networ:::networ:is:not:reacha:netbio:is:shutti:down"}, {"id": 741, "label": "netbio:networ:::networ:is:not:reacha:netbio:is:shutti:down"}, {"id": 273, "label": "netbio:networ:::networ:is:not:reacha:netbio:is:shutti:down"}, {"id": 1399, "label": "netbio:networ:::networ:is:not:reacha:netbio:is:shutti:down"}, {"id": 620, "label": "netbio:networ:::networ:is:not:reacha:netbio:is:shutti:down"}, {"id": 955, "label": "netbio:networ:::networ:is:not:reacha:netbio:is:shutti:down"}, {"id": 1295, "label": "netbio:networ:::networ:is:not:reacha:netbio:is:shutti:down"}, {"id": 1169, "label": "netbio:networ:::networ:is:not:reacha:netbio:is:shutti:down"}, {"id": 370, "label": "netbio:networ:::networ:is:not:reacha:netbio:is:shutti:down"}, {"id": 467, "label": "netbio:networ:::networ:is:not:reacha:netbio:is:shutti:down"}, {"id": 1461, "label": "netbio:networ:::networ:is:not:reacha:netbio:is:shutti:down"}, {"id": 173, "label": "netbio:networ:::networ:is:not:reacha:netbio:is:shutti:down"}, {"id": 1207, "label": "netbio:networ:::networ:is:not:reacha:netbio:is:shutti:down"}, {"id": 1019, "label": "netbio:networ:::networ:is:not:reacha:netbio:is:shutti:down"}, {"id": 124, "label": "netbio:networ:::networ:is:not:reacha:netbio:is:shutti:down"}, {"id": 13, "label": "netbio:networ:::networ:is:not:reacha:netbio:is:shutti:down"}, {"id": 69, "label": "netbio:networ:::networ:is:not:reacha:netbio:is:shutti:down"}], "id": "1399_1461", "label": ":networ:is:down:not:reacha:shutti:netbio"}, {"children": [{"id": 352, "label": "sandbo:([4732:netbio:deny:mach-l:com.ap"}, {"id": 449, "label": "sandbo:([4736:netbio:deny:mach-l:com.ap"}, {"id": 99, "label": "sandbo:([4722:netbio:deny:mach-l:com.ap"}, {"id": 48, "label": "sandbo:([4720:netbio:deny:mach-l:com.ap"}, {"id": 304, "label": "sandbo:([4730:netbio:deny:mach-l:com.ap"}, {"id": 401, "label": "sandbo:([4734:netbio:deny:mach-l:com.ap"}, {"id": 533, "label": "sandbo:([4739:netbio:deny:mach-l:com.ap"}, {"id": 155, "label": "sandbo:([4725:netbio:deny:mach-l:com.ap"}, {"id": 255, "label": "sandbo:([4727:netbio:deny:mach-l:com.ap"}], "id": "449_533", "label": "sandbo:deny:com.ap:mach-l:netbio"}, {"children": [{"children": [{"children": [{"id": 1635, "label": "Xcode[:ERROR::attemp:to:move:resize:toolba:which:is:not:shown,:aborti:_toolb"}, {"id": 926, "label": "kernel:Networ:delay:is:not:specif:Defaul:to:0x384"}], "id": "926_1635", "label": "not:to:is"}, {"children": [{"children": [{"id": 744, "label": "kernel:en0::802.11:countr:code:set:to:'US'."}, {"id": 944, "label": "kernel:en0::802.11:countr:code:set:to:'X0'."}], "id": "744_944", "label": ":kernel:code:802.11:en0:to:set:countr"}, {"children": [{"id": 961, "label": "kernel:en0::BSSID:change:to:f4:1f:"}, {"id": 1027, "label": "kernel:en0::BSSID:change:to:0c:27:"}, {"id": 540, "label": "kernel:en0::BSSID:change:to:f4:1f:"}, {"id": 20, "label": "kernel:en0::BSSID:change:to:08:cc:"}], "id": "961_1027", "label": ":kernel:BSSID:en0:to:change"}], "id": "944_1027", "label": ":kernel:en0:to"}], "id": "926_1027", "label": "to"}, {"children": [{"children": [{"id": 226, "label": "Captiv:Networ:Assist:[CNWeb:Comman:receiv:(null)"}, {"id": 486, "label": "Captiv:Networ:Assist:[CNWeb:Comman:receiv:Displa"}, {"id": 487, "label": "Captiv:Networ:Assist:[CNWeb:Comman:receiv:Comple"}, {"id": 488, "label": "Captiv:Networ:Assist:[CNWeb:Comman:receiv:Networ"}, {"id": 204, "label": "Captiv:Networ:Assist:[CNWeb:Comman:receiv:Displa"}, {"id": 205, "label": "Captiv:Networ:Assist:[CNWeb:Comman:receiv:Comple"}, {"id": 206, "label": "Captiv:Networ:Assist:[CNWeb:Comman:receiv:Networ"}], "id": "487_488", "label": "Networ:receiv:Assist:[CNWeb:Captiv:Comman"}, {"children": [{"id": 203, "label": "Captiv:Networ:Assist:Unable:to:simult:satisf:constr"}, {"id": 485, "label": "Captiv:Networ:Assist:Unable:to:simult:satisf:constr"}], "id": "203_485", "label": "Networ:Captiv:satisf:Assist:simult:to:Unable:constr"}, {"id": 532, "label": "netbio:Unable:to:start:NetBIO:name:servic"}], "id": "485_488", "label": "Assist:Networ:Captiv"}], "id": "485_926", "label": ""}, {"children": [{"id": 1854, "label": "com.ap:main:Failed:to:compos:image:for:bindin:Varian:[0x4a3:flags::0x8:bindin:FileIn:[0x34d:-:extens:html,:UTI::public:fileTy:????."}, {"id": 1855, "label": "quickl:Warnin:Cache:image:return:by:the:server:has:size:range:coveri:all:valid:image:sizes.:Bindin:Varian:[0x403:flags::0x8:bindin:FileIn:[0x303:-:extens:html,:UTI::public:fileTy:????:reques:size:1:scale::1"}], "id": "1854_1855", "label": ":bindin:0x8:html,:image:UTI:-:extens:Varian:flags:FileIn:fileTy:public"}, {"children": [{"children": [{"children": [{"id": 1696, "label": "Google:Chrome:Helper:CGSLoo:Failed:to:look:up:the:port:for:\"com.a:(1100)"}, {"id": 866, "label": "Google:Chrome:Helper:CGSLoo:Failed:to:look:up:the:port:for:\"com.a:(1100)"}, {"id": 1348, "label": "Google:Chrome:Helper:CGSLoo:Failed:to:look:up:the:port:for:\"com.a:(1100)"}, {"id": 822, "label": "Google:Chrome:Helper:CGSLoo:Failed:to:look:up:the:port:for:\"com.a:(1100)"}, {"id": 1708, "label": "Google:Chrome:Helper:CGSLoo:Failed:to:look:up:the:port:for:\"com.a:(1100)"}, {"id": 1676, "label": "Google:Chrome:Helper:CGSLoo:Failed:to:look:up:the:port:for:\"com.a:(1100)"}, {"id": 877, "label": "Google:Chrome:Helper:CGSLoo:Failed:to:look:up:the:port:for:\"com.a:(1100)"}, {"id": 1616, "label": "Google:Chrome:Helper:CGSLoo:Failed:to:look:up:the:port:for:\"com.a:(1100)"}, {"id": 1777, "label": "Google:Chrome:Helper:CGSLoo:Failed:to:look:up:the:port:for:\"com.a:(1100)"}, {"id": 1844, "label": "Google:Chrome:Helper:CGSLoo:Failed:to:look:up:the:port:for:\"com.a:(1100)"}, {"id": 886, "label": "Google:Chrome:Helper:CGSLoo:Failed:to:look:up:the:port:for:\"com.a:(1100)"}, {"id": 644, "label": "Google:Chrome:Helper:CGSLoo:Failed:to:look:up:the:port:for:\"com.a:(1100)"}, {"id": 802, "label": "Google:Chrome:Helper:CGSLoo:Failed:to:look:up:the:port:for:\"com.a:(1100)"}, {"id": 668, "label": "Google:Chrome:Helper:CGSLoo:Failed:to:look:up:the:port:for:\"com.a:(1100)"}, {"id": 574, "label": "Google:Chrome:Helper:CGSLoo:Failed:to:look:up:the:port:for:\"com.a:(1100)"}, {"id": 1727, "label": "Google:Chrome:Helper:CGSLoo:Failed:to:look:up:the:port:for:\"com.a:(1100)"}], "id": "1777_1844", "label": "(1100):Google:look:Helper:CGSLoo:Chrome:Failed:up:for:to:the:\"com.a:port"}, {"children": [{"id": 1729, "label": "Google:Chrome:Helper:CoreTe:CopyFo:receiv:mig:IPC:error:(FFFFF:from:font:server"}, {"id": 1698, "label": "Google:Chrome:Helper:CoreTe:CopyFo:receiv:mig:IPC:error:(FFFFF:from:font:server"}, {"id": 868, "label": "Google:Chrome:Helper:CoreTe:CopyFo:receiv:mig:IPC:error:(FFFFF:from:font:server"}, {"id": 646, "label": "Google:Chrome:Helper:CoreTe:CopyFo:receiv:mig:IPC:error:(FFFFF:from:font:server"}, {"id": 1351, "label": "Google:Chrome:Helper:CoreTe:CopyFo:receiv:mig:IPC:error:(FFFFF:from:font:server"}, {"id": 1677, "label": "Google:Chrome:Helper:CoreTe:CopyFo:receiv:mig:IPC:error:(FFFFF:from:font:server"}, {"id": 1710, "label": "Google:Chrome:Helper:CoreTe:CopyFo:receiv:mig:IPC:error:(FFFFF:from:font:server"}, {"id": 879, "label": "Google:Chrome:Helper:CoreTe:CopyFo:receiv:mig:IPC:error:(FFFFF:from:font:server"}, {"id": 1779, "label": "Google:Chrome:Helper:CoreTe:CopyFo:receiv:mig:IPC:error:(FFFFF:from:font:server"}, {"id": 1846, "label": "Google:Chrome:Helper:CoreTe:CopyFo:receiv:mig:IPC:error:(FFFFF:from:font:server"}, {"id": 804, "label": "Google:Chrome:Helper:CoreTe:CopyFo:receiv:mig:IPC:error:(FFFFF:from:font:server"}, {"id": 824, "label": "Google:Chrome:Helper:CoreTe:CopyFo:receiv:mig:IPC:error:(FFFFF:from:font:server"}, {"id": 889, "label": "Google:Chrome:Helper:CoreTe:CopyFo:receiv:mig:IPC:error:(FFFFF:from:font:server"}], "id": "1779_1846", "label": "IPC:Google:from:Helper:Chrome:mig:server:(FFFFF:receiv:CoreTe:error:CopyFo:font"}], "id": "1844_1846", "label": "Chrome:Google:Helper"}, {"children": [{"children": [{"id": 821, "label": "Google:Chrome:Helper:Proces:unable:to:create:connec:becaus:the:sandbo:denied:the:right:to:lookup:com.ap:and:so:this:proces:cannot:talk:to:launch"}, {"id": 865, "label": "Google:Chrome:Helper:Proces:unable:to:create:connec:becaus:the:sandbo:denied:the:right:to:lookup:com.ap:and:so:this:proces:cannot:talk:to:launch"}, {"id": 1707, "label": "Google:Chrome:Helper:Proces:unable:to:create:connec:becaus:the:sandbo:denied:the:right:to:lookup:com.ap:and:so:this:proces:cannot:talk:to:launch"}, {"id": 801, "label": "Google:Chrome:Helper:Proces:unable:to:create:connec:becaus:the:sandbo:denied:the:right:to:lookup:com.ap:and:so:this:proces:cannot:talk:to:launch"}, {"id": 1347, "label": "Google:Chrome:Helper:Proces:unable:to:create:connec:becaus:the:sandbo:denied:the:right:to:lookup:com.ap:and:so:this:proces:cannot:talk:to:launch"}, {"id": 1675, "label": "Google:Chrome:Helper:Proces:unable:to:create:connec:becaus:the:sandbo:denied:the:right:to:lookup:com.ap:and:so:this:proces:cannot:talk:to:launch"}, {"id": 876, "label": "Google:Chrome:Helper:Proces:unable:to:create:connec:becaus:the:sandbo:denied:the:right:to:lookup:com.ap:and:so:this:proces:cannot:talk:to:launch"}, {"id": 1615, "label": "Google:Chrome:Helper:Proces:unable:to:create:connec:becaus:the:sandbo:denied:the:right:to:lookup:com.ap:and:so:this:proces:cannot:talk:to:launch"}, {"id": 1776, "label": "Google:Chrome:Helper:Proces:unable:to:create:connec:becaus:the:sandbo:denied:the:right:to:lookup:com.ap:and:so:this:proces:cannot:talk:to:launch"}, {"id": 1843, "label": "Google:Chrome:Helper:Proces:unable:to:create:connec:becaus:the:sandbo:denied:the:right:to:lookup:com.ap:and:so:this:proces:cannot:talk:to:launch"}, {"id": 643, "label": "Google:Chrome:Helper:Proces:unable:to:create:connec:becaus:the:sandbo:denied:the:right:to:lookup:com.ap:and:so:this:proces:cannot:talk:to:launch"}, {"id": 885, "label": "Google:Chrome:Helper:Proces:unable:to:create:connec:becaus:the:sandbo:denied:the:right:to:lookup:com.ap:and:so:this:proces:cannot:talk:to:launch"}, {"id": 667, "label": "Google:Chrome:Helper:Proces:unable:to:create:connec:becaus:the:sandbo:denied:the:right:to:lookup:com.ap:and:so:this:proces:cannot:talk:to:launch"}, {"id": 573, "label": "Google:Chrome:Helper:Proces:unable:to:create:connec:becaus:the:sandbo:denied:the:right:to:lookup:com.ap:and:so:this:proces:cannot:talk:to:launch"}, {"id": 1726, "label": "Google:Chrome:Helper:Proces:unable:to:create:connec:becaus:the:sandbo:denied:the:right:to:lookup:com.ap:and:so:this:proces:cannot:talk:to:launch"}, {"id": 1695, "label": "Google:Chrome:Helper:Proces:unable:to:create:connec:becaus:the:sandbo:denied:the:right:to:lookup:com.ap:and:so:this:proces:cannot:talk:to:launch"}], "id": "1776_1843", "label": "and:right:Chrome:becaus:connec:create:to:Proces:unable:lookup:denied:com.ap:proces:cannot:Google:Helper:launch:this:sandbo:so:the:talk"}, {"children": [{"id": 864, "label": "Google:Chrome:Helper:Proces:unable:to:create:connec:becaus:the:sandbo:denied:the:right:to:lookup:com.ap:and:so:this:proces:cannot:talk:to:launch:::LSXPCC:#426:___ZN2:q=com."}, {"id": 800, "label": "Google:Chrome:Helper:Proces:unable:to:create:connec:becaus:the:sandbo:denied:the:right:to:lookup:com.ap:and:so:this:proces:cannot:talk:to:launch:::LSXPCC:#426:___ZN2:q=com."}, {"id": 1346, "label": "Google:Chrome:Helper:Proces:unable:to:create:connec:becaus:the:sandbo:denied:the:right:to:lookup:com.ap:and:so:this:proces:cannot:talk:to:launch:::LSXPCC:#426:___ZN2:q=com."}, {"id": 1674, "label": "Google:Chrome:Helper:Proces:unable:to:create:connec:becaus:the:sandbo:denied:the:right:to:lookup:com.ap:and:so:this:proces:cannot:talk:to:launch:::LSXPCC:#426:___ZN2:q=com."}, {"id": 875, "label": "Google:Chrome:Helper:Proces:unable:to:create:connec:becaus:the:sandbo:denied:the:right:to:lookup:com.ap:and:so:this:proces:cannot:talk:to:launch:::LSXPCC:#426:___ZN2:q=com."}, {"id": 642, "label": "Google:Chrome:Helper:Proces:unable:to:create:connec:becaus:the:sandbo:denied:the:right:to:lookup:com.ap:and:so:this:proces:cannot:talk:to:launch:::LSXPCC:#426:___ZN2:q=com."}, {"id": 1614, "label": "Google:Chrome:Helper:Proces:unable:to:create:connec:becaus:the:sandbo:denied:the:right:to:lookup:com.ap:and:so:this:proces:cannot:talk:to:launch:::LSXPCC:#426:___ZN2:q=com."}, {"id": 1725, "label": "Google:Chrome:Helper:Proces:unable:to:create:connec:becaus:the:sandbo:denied:the:right:to:lookup:com.ap:and:so:this:proces:cannot:talk:to:launch:::LSXPCC:#426:___ZN2:q=com."}, {"id": 1842, "label": "Google:Chrome:Helper:Proces:unable:to:create:connec:becaus:the:sandbo:denied:the:right:to:lookup:com.ap:and:so:this:proces:cannot:talk:to:launch:::LSXPCC:#426:___ZN2:q=com."}, {"id": 884, "label": "Google:Chrome:Helper:Proces:unable:to:create:connec:becaus:the:sandbo:denied:the:right:to:lookup:com.ap:and:so:this:proces:cannot:talk:to:launch:::LSXPCC:#426:___ZN2:q=com."}, {"id": 820, "label": "Google:Chrome:Helper:Proces:unable:to:create:connec:becaus:the:sandbo:denied:the:right:to:lookup:com.ap:and:so:this:proces:cannot:talk:to:launch:::LSXPCC:#426:___ZN2:q=com."}, {"id": 666, "label": "Google:Chrome:Helper:Proces:unable:to:create:connec:becaus:the:sandbo:denied:the:right:to:lookup:com.ap:and:so:this:proces:cannot:talk:to:launch:::LSXPCC:#426:___ZN2:q=com."}, {"id": 1775, "label": "Google:Chrome:Helper:Proces:unable:to:create:connec:becaus:the:sandbo:denied:the:right:to:lookup:com.ap:and:so:this:proces:cannot:talk:to:launch:::LSXPCC:#426:___ZN2:q=com."}, {"id": 572, "label": "Google:Chrome:Helper:Proces:unable:to:create:connec:becaus:the:sandbo:denied:the:right:to:lookup:com.ap:and:so:this:proces:cannot:talk:to:launch:::LSXPCC:#426:___ZN2:q=com."}, {"id": 1706, "label": "Google:Chrome:Helper:Proces:unable:to:create:connec:becaus:the:sandbo:denied:the:right:to:lookup:com.ap:and:so:this:proces:cannot:talk:to:launch:::LSXPCC:#426:___ZN2:q=com."}, {"id": 1694, "label": "Google:Chrome:Helper:Proces:unable:to:create:connec:becaus:the:sandbo:denied:the:right:to:lookup:com.ap:and:so:this:proces:cannot:talk:to:launch:::LSXPCC:#426:___ZN2:q=com."}], "id": "1775_1842", "label": "and::right:Chrome:becaus:q=com.:#426:connec:LSXPCC:create:to:Proces:unable:lookup:denied:com.ap:___ZN2:proces:cannot:Google:Helper:launch:this:sandbo:so:the:talk"}], "id": "1842_1843", "label": "and:right:Chrome:becaus:connec:create:to:Proces:unable:lookup:denied:com.ap:proces:cannot:Google:Helper:launch:this:sandbo:so:the:talk"}], "id": "1843_1844", "label": "Chrome:Google:Helper"}, {"children": [{"id": 1153, "label": "kernel:RTC::SleepS:2013/1:19:04::sleep:2013/1:18:04:"}, {"id": 162, "label": "kernel:RTC::SleepS:2013/1:09:12::sleep:2013/1:08:12:"}, {"id": 1, "label": "kernel:RTC::SleepS:2013/1:06:10::sleep:2013/1:05:10:"}, {"id": 262, "label": "kernel:RTC::SleepS:2013/1:11:15::sleep:2013/1:10:15:"}, {"id": 359, "label": "kernel:RTC::SleepS:2013/1:13:17::sleep:2013/1:12:17:"}, {"id": 113, "label": "kernel:RTC::SleepS:2013/1:08:12::sleep:2013/1:07:12:"}, {"id": 56, "label": "kernel:RTC::SleepS:2013/1:07:11::sleep:2013/1:06:11:"}, {"id": 310, "label": "kernel:RTC::SleepS:2013/1:12:16::sleep:2013/1:11:16:"}, {"id": 407, "label": "kernel:RTC::SleepS:2013/1:14:17::sleep:2013/1:13:18:"}, {"id": 216, "label": "kernel:RTC::SleepS:2013/1:10:14::sleep:2013/1:09:15:"}], "id": "407_1153", "label": ":kernel:RTC:SleepS:18:2013/1:sleep"}, {"children": [{"id": 1858, "label": "com.ap:Bogus:event:receiv:by:listen:connec"}, {"id": 847, "label": "com.ap:Bogus:event:receiv:by:listen:connec"}], "id": "847_1858", "label": "connec:receiv:event:Bogus:by:com.ap:listen"}, {"children": [{"id": 353, "label": "netbio:name:server:down?"}, {"id": 450, "label": "netbio:name:server:down?"}, {"id": 100, "label": "netbio:name:server:down?"}, {"id": 257, "label": "netbio:name:server:down?"}, {"id": 50, "label": "netbio:name:server:down?"}, {"id": 305, "label": "netbio:name:server:down?"}, {"id": 402, "label": "netbio:name:server:down?"}, {"id": 156, "label": "netbio:name:server:down?"}], "id": "402_450", "label": "netbio:name:down?:server"}, {"children": [{"id": 489, "label": "launch:Applic:App:\"C:Networ:Assist:asn:0x:pid:47:refs=5:@:0x7f98:tried:to:be:brough:forwar:but:isn't:in:fPermi:(:(:\"LSApp:pid=47:\"Scree:so:denyin:::LASSes:#1481:SetFro:q=LSSe:100005:queue"}, {"id": 207, "label": "launch:Applic:App:\"C:Networ:Assist:asn:0x:pid:47:refs=5:@:0x7f98:tried:to:be:brough:forwar:but:isn't:in:fPermi:(:(:\"LSApp:pid=47:\"Scree:so:denyin:::LASSes:#1481:SetFro:q=LSSe:100005:queue"}], "id": "207_489", "label": ":LASSes:\"Scree:@:pid:forwar:in:0x:tried:Applic:\"C:47:Assist:to:(:0x7f98:denyin:100005:be:refs=5:but:\"LSApp:q=LSSe:asn:#1481:Networ:brough:App:launch:queue:so:SetFro:fPermi:pid=47:isn't"}, {"children": [{"id": 842, "label": "CoreSe:Saving:reject:record"}, {"id": 843, "label": "CoreSe:App:URL:discar"}], "id": "842_843", "label": "CoreSe"}, {"children": [{"id": 194, "label": "Calend:[com.a:[Accou:refres:failed:with:error::Error:Domain:Code=-:\"The:Intern:connec:appear:to:be:offlin:UserIn:{NSUnd:\"The:Intern:connec:appear:to:be:offlin:NSErro:NSErro:Accoun:CalDAV:NSLoca:Intern:connec:appear:to:be:offlin"}, {"id": 493, "label": "Calend:[com.a:[Accou:refres:failed:with:error::Error:Domain:Code=-:\"The:Intern:connec:appear:to:be:offlin:UserIn:{NSUnd:\"The:Intern:connec:appear:to:be:offlin:NSErro:NSErro:Accoun:CalDAV:NSLoca:Intern:connec:appear:to:be:offlin"}, {"id": 534, "label": "Calend:[com.a:[Accou:refres:failed:with:error::Error:Domain:Code=-:\"The:Intern:connec:appear:to:be:offlin:UserIn:{NSUnd:\"The:Intern:connec:appear:to:be:offlin:NSErro:NSErro:Accoun:CalDAV:NSLoca:Intern:connec:appear:to:be:offlin"}], "id": "493_534", "label": ":Calend:[Accou:[com.a:\"The:connec:appear:UserIn:failed:CalDAV:to:be:offlin:Error:with:NSLoca:Domain:NSErro:refres:Intern:Code=-:error:{NSUnd:Accoun"}, {"children": [{"id": 105, "label": "spindu:Saved:diag:report:for:powers:versio:com.ap:to:/Libra"}, {"id": 107, "label": "spindu:Saved:diag:report:for:powers:versio:com.ap:to:/Libra"}, {"id": 101, "label": "spindu:Saved:diag:report:for:powers:versio:com.ap:to:/Libra"}, {"id": 103, "label": "spindu:Saved:diag:report:for:powers:versio:com.ap:to:/Libra"}], "id": "105_107", "label": "for:diag:to:report:/Libra:spindu:versio:powers:Saved:com.ap"}, {"children": [{"id": 1024, "label": "kernel:MacAut:en0:Auth:result:for::0c:27::MAC:AUTH:succee"}, {"id": 537, "label": "kernel:MacAut:en0:Auth:result:for::f4:1f::MAC:AUTH:succee"}, {"id": 958, "label": "kernel:MacAut:en0:Auth:result:for::f4:1f::MAC:AUTH:succee"}, {"id": 17, "label": "kernel:MacAut:en0:Auth:result:for::08:cc::MAC:AUTH:succee"}], "id": "958_1024", "label": ":kernel:for:Auth:en0:MAC:result:succee:AUTH:MacAut"}, {"children": [{"id": 1770, "label": "login[:DEAD_P:45202:ttys00"}, {"children": [{"id": 1772, "label": "login[:DEAD_P:47951:ttys00"}, {"id": 1341, "label": "login[:USER_P:47951:ttys00"}], "id": "1341_1772", "label": "login[:47951:ttys00"}], "id": "1770_1772", "label": "login[:ttys00"}, {"children": [{"id": 771, "label": "kernel:CODE:SIGNIN:cs_inv:p=4759:final:status:0x0,:allow:(remov:VALID):page"}, {"id": 1735, "label": "kernel:CODE:SIGNIN:cs_inv:p=4939:final:status:0x0,:allow:(remov:VALID):page"}, {"id": 1140, "label": "kernel:CODE:SIGNIN:cs_inv:p=4787:final:status:0x0,:allow:(remov:VALID):page"}, {"id": 1535, "label": "kernel:CODE:SIGNIN:cs_inv:p=4807:final:status:0x0,:allow:(remov:VALID):page"}], "id": "1535_1735", "label": "status:kernel:CODE:(remov:cs_inv:VALID):final:SIGNIN:allow:page:0x0,"}, {"children": [{"id": 616, "label": "config:settin:hostna:to:\"Voltr"}, {"id": 559, "label": "config:settin:hostna:to:\"voltr"}], "id": "559_616", "label": "to:hostna:config:settin"}, {"children": [{"id": 860, "label": "Window:handle:Deferr"}, {"id": 527, "label": "Window:handle:NULL:shield:(lock:state::1)"}], "id": "527_860", "label": "Window:handle"}, {"children": [{"id": 840, "label": "fileco:NSFile:receiv:a:messag:and:couldn:parse:it.:Detail:<dicti:0x7f88:{:count:=:2,:conten:="}, {"id": 838, "label": "fileco:NSFile:receiv:a:messag:and:couldn:parse:it.:Detail:<dicti:0x7f88:{:count:=:2,:conten:="}], "id": "838_840", "label": "and:a:couldn:conten:receiv:<dicti:Detail:messag:parse:NSFile:0x7f88:fileco:2,:{:=:it.:count"}, {"children": [{"children": [{"id": 202, "label": "Captiv:Networ:Assist:***:WARNIN:Method:userSp:in:class:NSWind:is:deprec:on:10.7:and:later.:It:should:not:be:used:in:new:applic:Use:conver:instea"}, {"id": 484, "label": "Captiv:Networ:Assist:***:WARNIN:Method:userSp:in:class:NSWind:is:deprec:on:10.7:and:later.:It:should:not:be:used:in:new:applic:Use:conver:instea"}, {"id": 831, "label": "DiskIm:UI:Agent[:***:WARNIN:Method:userSp:in:class:NSWind:is:deprec:on:10.7:and:later.:It:should:not:be:used:in:new:applic:Use:conver:instea"}], "id": "202_484", "label": "and:Use:be:NSWind:is:WARNIN:deprec:Method:in:instea:conver:10.7:Assist:should:new:applic:used:***:userSp:not:class:on:later.:Networ:It:Captiv"}, {"children": [{"id": 1636, "label": "Xcode[:***:WARNIN:Method:conver:in:class:NSView:is:deprec:on:10.7:and:later.:It:should:not:be:used:in:new:applic"}, {"id": 1637, "label": "Xcode[:***:WARNIN:Method:conver:in:class:NSView:is:deprec:on:10.7:and:later.:It:should:not:be:used:in:new:applic"}], "id": "1636_1637", "label": "and:on:later.:used:10.7:be:is:in:NSView:It:conver:Xcode[:deprec:Method:***:applic:WARNIN:not:new:should:class"}], "id": "831_1637", "label": "and:on:later.:used:10.7:be:is:in:It:should:deprec:conver:***:applic:WARNIN:not:new:class:Method"}, {"children": [{"id": 70, "label": "secd[2:SecErr:unknow:error:domain:com.ap:for:error::The:operat:couldn:be:comple:(com.a:error:2:-:Public:Key:not:availa:-:failed:to:regist:before:call)"}, {"id": 71, "label": "secd[2:securi:Escrow:Device:The:operat:couldn:be:comple:(com.a:error:2:-:Public:Key:not:availa:-:failed:to:regist:before:call)"}], "id": "70_71", "label": "be:comple:couldn:(com.a:failed:not:call):-:regist:to:2:operat:Key:error:availa:The:secd[2:Public:before"}, {"children": [{"id": 1120, "label": "loginw:magsaf:state:change:old:2:new:1"}, {"id": 459, "label": "loginw:magsaf:state:change:old:1:new:2"}], "id": "459_1120", "label": "old:loginw:magsaf:1:state:2:new:change"}, {"children": [{"id": 1509, "label": "Google:Chrome:CoreTe:perfor:note::Client:called:CTFont:using:name:\"Lucid:Grande:and:got:font:with:PostSc:name:\"Lucid:For:best:perfor:only:use:PostSc:names:when:callin:this:API."}, {"id": 1655, "label": "wing-i:CoreTe:perfor:note::Client:called:CTFont:using:name:\"Lucid:Grande:and:got:font:with:PostSc:name:\"Lucid:For:best:perfor:only:use:PostSc:names:when:callin:this:API."}], "id": "1509_1655", "label": ":and:For:perfor:names:font:PostSc:use:CTFont:when:note:only:best:got:callin:CoreTe:Client:Grande:using:with:name:this:\"Lucid:API.:called"}, {"children": [{"id": 736, "label": "Window:CGXDis:[40145:postin:kCGSDi"}, {"id": 1250, "label": "Window:CGXDis:[40580:postin:kCGSDi"}, {"id": 859, "label": "Window:CGXDis:[40239:postin:kCGSDi"}, {"id": 1540, "label": "Window:CGXDis:[40880:postin:kCGSDi"}, {"id": 614, "label": "Window:CGXDis:[39958:postin:kCGSDi"}, {"id": 1288, "label": "Window:CGXDis:[40613:postin:kCGSDi"}, {"id": 908, "label": "Window:CGXDis:[40301:postin:kCGSDi"}, {"id": 526, "label": "Window:CGXDis:[39908:postin:kCGSDi"}, {"id": 1455, "label": "Window:CGXDis:[40766:postin:kCGSDi"}, {"id": 1808, "label": "Window:CGXDis:[41374:postin:kCGSDi"}, {"id": 1393, "label": "Window:CGXDis:[40725:postin:kCGSDi"}, {"id": 949, "label": "Window:CGXDis:[40342:postin:kCGSDi"}, {"id": 984, "label": "Window:CGXDis:[40363:postin:kCGSDi"}, {"id": 1337, "label": "Window:CGXDis:[40669:postin:kCGSDi"}, {"id": 1211, "label": "Window:CGXDis:[40536:postin:kCGSDi"}, {"id": 1756, "label": "Window:CGXDis:[41268:postin:kCGSDi"}, {"id": 1053, "label": "Window:CGXDis:[40404:postin:kCGSDi"}], "id": "1756_1808", "label": "CGXDis:postin:Window:kCGSDi"}, {"children": [{"id": 1864, "label": "Previe:It:does:not:make:sense:to:draw:an:image:when:[NSGra:curren:is:nil.:This:is:a:progra:error.:Break:on:void:_NSWar:to:debug.:This:will:be:logged:only:once.:This:may:break:in:the:future"}, {"id": 1090, "label": "pgAdmi:CGCont:invali:contex:0x0.:This:is:a:seriou:error.:This:applic:or:a:librar:it:uses,:is:using:an:invali:contex:and:is:thereb:contri:to:an:overal:degrad:of:system:stabil:and:reliab:This:notice:is:a:courte:please:fix:this:proble:It:will:become:a:fatal:error:in:an:upcomi:update"}], "id": "1090_1864", "label": "a:This:is:It:an:will:to:in:error."}, {"children": [{"children": [{"children": [{"id": 8, "label": "kernel:AirPor:Link:Down:on:en0.:Reason:8:(Disas:becaus:statio:leavin"}, {"children": [{"id": 18, "label": "kernel:wlEven:en0:en0:Link:UP:virtIf:=:0"}, {"id": 7, "label": "kernel:wlEven:en0:en0:Link:DOWN:virtIf:=:0"}], "id": "7_18", "label": "kernel:virtIf:wlEven:en0:0:Link:="}, {"children": [{"id": 19, "label": "kernel:AirPor:Link:Up:on:en0"}, {"id": 541, "label": "kernel:AirPor:RSN:handsh:comple:on:en0"}], "id": "19_541", "label": "en0:kernel:AirPor:on"}, {"id": 833, "label": "kernel:hfs::mounte:pgAdmi:on:device:disk3s"}], "id": "18_19", "label": "en0:kernel"}, {"children": [{"children": [{"children": [{"children": [{"id": 51, "label": "kernel:AirPor:System:Sleep"}, {"id": 3, "label": "kernel:Previo:Sleep:Cause::5"}], "id": "3_51", "label": "kernel:Sleep"}, {"id": 2, "label": "kernel:AirPor:System:Wake:-:Full:Wake/:Dark:Wake:/:Mainte:wake"}, {"id": 613, "label": "kernel:AppleU:-:restor:correc:operat:mode"}, {"children": [{"id": 111, "label": "kernel:AppleT:-:retrie:=:7"}, {"id": 1043, "label": "kernel:AppleT:-:retrie:=:4"}, {"id": 933, "label": "kernel:AppleT:-:retrie:=:8"}, {"id": 54, "label": "kernel:AppleT:-:retrie:=:5"}, {"id": 357, "label": "kernel:AppleT:-:retrie:=:6"}], "id": "933_1043", "label": "kernel:AppleT:=:-:retrie"}], "id": "3_54", "label": "kernel"}, {"children": [{"id": 1000, "label": "Office:System:shutdo:notifi"}, {"id": 1145, "label": "Office:System:shutdo:notifi"}, {"id": 1267, "label": "Office:System:shutdo:notifi"}, {"id": 1372, "label": "Office:System:shutdo:notifi"}, {"id": 593, "label": "Office:System:shutdo:notifi"}], "id": "1267_1372", "label": "shutdo:System:Office:notifi"}], "id": "51_1372", "label": ""}, {"children": [{"id": 600, "label": "kernel:Wake:reason:EHC1"}, {"id": 0, "label": "kernel:Wake:reason:RTC:(Alarm"}, {"children": [{"id": 1007, "label": "kernel:Wake:reason:EC.Lid:(Maint"}, {"id": 455, "label": "kernel:Wake:reason:EC.ACD:(Maint"}], "id": "455_1007", "label": "kernel:reason:Wake:(Maint"}, {"id": 517, "label": "kernel:Wake:reason:EC.Lid:(User)"}], "id": "600_1007", "label": "kernel:reason:Wake"}], "id": "51_600", "label": ""}], "id": "18_1043", "label": ""}, {"children": [{"id": 1388, "label": "kernel:AppleU:-:512-by:packet:checks:is:incorr:(expec:0x67,:checks:bytes:were:0x0)"}, {"children": [{"id": 5, "label": "kernel:IOThun:-:Thunde:HPD:packet:for:route:=:0x0:port:=:11:unplug:=:0"}, {"id": 6, "label": "kernel:IOThun:-:Thunde:HPD:packet:for:route:=:0x0:port:=:12:unplug:=:0"}], "id": "5_6", "label": "kernel:for:IOThun:route:0x0:-:packet:unplug:0:Thunde:=:port:HPD"}], "id": "1388_6", "label": "kernel:-:packet"}], "id": "6_1043", "label": ""}, {"children": [{"id": 104, "label": "spindu:Removi:excess:log::file:/"}, {"id": 106, "label": "spindu:Removi:excess:log::file:/"}, {"id": 108, "label": "spindu:Removi:excess:log::file:/"}, {"id": 102, "label": "spindu:Removi:excess:log::file:/"}], "id": "106_108", "label": ":Removi:log:excess:/:file:spindu"}, {"children": [{"id": 1476, "label": "System:Menu:Extra::<Displ:0x7ffb:is:over:retain"}, {"id": 971, "label": "System:Menu:Extra::<Displ:0x7ffb:is:over:retain"}, {"id": 622, "label": "System:Menu:Extra::<Displ:0x7ffb:is:over:retain"}, {"id": 1171, "label": "System:Menu:Extra::<Displ:0x7ffb:is:over:retain"}, {"id": 1401, "label": "System:Menu:Extra::<Displ:0x7ffb:is:over:retain"}, {"id": 1310, "label": "System:Menu:Extra::<Displ:0x7ffb:is:over:retain"}], "id": "1401_1476", "label": ":<Displ:Extra:Menu:is:System:0x7ffb:retain:over"}, {"children": [{"id": 544, "label": "airpor:_doAut:Alread:associ:to:CLI:Bailin:on:auto-j"}, {"id": 22, "label": "airpor:_doAut:Alread:associ:to:hho:Bailin:on:auto-j"}], "id": "22_544", "label": "on:_doAut:Bailin:airpor:to:auto-j:Alread:associ"}, {"children": [{"id": 603, "label": "kernel:The:USB:device:HubDev:(Port:1:of:Hub:at:0x1d00:may:have:caused:a:wake:by:issuin:a:remote:wakeup:(2)"}, {"id": 605, "label": "kernel:The:USB:device:HubDev:(Port:8:of:Hub:at:0x1d10:may:have:caused:a:wake:by:issuin:a:remote:wakeup:(3)"}, {"id": 606, "label": "kernel:The:USB:device:Apple:Intern:Keyboa:/:Trackp:(Port:2:of:Hub:at:0x1d18:may:have:caused:a:wake:by:issuin:a:remote:wakeup:(3)"}], "id": "603_605", "label": "a:kernel:remote:USB:Hub:may:of:(Port:at:have:issuin:device:wake:The:caused:HubDev:by:wakeup"}, {"children": [{"id": 1282, "label": "kernel:full:wake:(reaso:1):103:ms"}, {"id": 730, "label": "kernel:full:wake:(reaso:1):105:ms"}, {"id": 1198, "label": "kernel:full:wake:(reaso:1):108:ms"}, {"id": 607, "label": "kernel:full:wake:(reaso:1):104:ms"}], "id": "1198_1282", "label": "(reaso:kernel:full:wake:ms:1)"}, {"children": [{"id": 504, "label": "com.ap:(com.a:Thrott:respaw:Will:start:in:5:second"}, {"id": 41, "label": "com.ap:(com.a:Thrott:respaw:Will:start:in:2:second"}, {"id": 394, "label": "com.ap:(com.a:Thrott:respaw:Will:start:in:4:second"}, {"id": 91, "label": "com.ap:(com.a:Thrott:respaw:Will:start:in:3:second"}], "id": "394_504", "label": "respaw:Thrott:(com.a:Will:start:second:in:com.ap"}, {"children": [{"id": 92, "label": "Window:_CGXHW:No:capabl:active:displa:found."}, {"children": [{"id": 1021, "label": "Window:_CGXGL:Displa:device:is:asleep:-:disabl:OpenGL"}, {"id": 1022, "label": "Window:_CGXGL:No:matchi:contex:for:device:(0x7ff:-:disabl:OpenGL"}, {"id": 1055, "label": "Window:_CGXGL:acquir:displa:contex:(0x7ff:-:enabli:OpenGL"}], "id": "1022_1055", "label": "OpenGL:(0x7ff:-:contex:Window:_CGXGL"}], "id": "92_1055", "label": "Window"}, {"children": [{"id": 208, "label": "Window:[cps/s:Failed:settin:the:front:applic:to:Captiv:Networ:Assist:psn:0x0-0x:securi:err=-1"}, {"id": 490, "label": "Window:[cps/s:Failed:settin:the:front:applic:to:Captiv:Networ:Assist:psn:0x0-0x:securi:err=-1"}], "id": "208_490", "label": "applic:psn:Networ:err=-1:to:securi:settin:Assist:[cps/s:Failed:Window:0x0-0x:Captiv:front:the"}, {"children": [{"id": 1793, "label": "Window:device:authw:0x0(0):shield:0x7ffb"}, {"id": 1794, "label": "Window:device:authw:0x0(0):shield:0x7ffb"}, {"id": 899, "label": "Window:device:authw:0x0(0):shield:0x7ffb"}, {"id": 1751, "label": "Window:device:authw:0x0(0):shield:0x7ffb"}, {"id": 898, "label": "Window:device:authw:0x0(0):shield:0x7ffb"}, {"id": 1426, "label": "Window:device:authw:0x0(0):shield:0x7ffb"}, {"id": 1427, "label": "Window:device:authw:0x0(0):shield:0x7ffb"}, {"id": 706, "label": "Window:device:authw:0x0(0):shield:0x7ffb"}, {"id": 707, "label": "Window:device:authw:0x0(0):shield:0x7ffb"}, {"id": 584, "label": "Window:device:authw:0x0(0):shield:0x7ffb"}, {"id": 585, "label": "Window:device:authw:0x0(0):shield:0x7ffb"}, {"id": 1749, "label": "Window:device:authw:0x0(0):shield:0x7ffb"}, {"id": 982, "label": "Window:device:authw:0x0(0):shield:0x7ffb"}, {"id": 855, "label": "Window:device:authw:0x0(0):shield:0x7ffb"}, {"id": 856, "label": "Window:device:authw:0x0(0):shield:0x7ffb"}, {"id": 1243, "label": "Window:device:authw:0x0(0):shield:0x7ffb"}, {"id": 1244, "label": "Window:device:authw:0x0(0):shield:0x7ffb"}, {"id": 1146, "label": "Window:device:authw:0x0(0):shield:0x7ffb"}, {"id": 992, "label": "Window:device:authw:0x0(0):shield:0x7ffb"}, {"id": 993, "label": "Window:device:authw:0x0(0):shield:0x7ffb"}, {"id": 1528, "label": "Window:device:authw:0x0(0):shield:0x7ffb"}, {"id": 1530, "label": "Window:device:authw:0x0(0):shield:0x7ffb"}, {"id": 1147, "label": "Window:device:authw:0x0(0):shield:0x7ffb"}, {"id": 981, "label": "Window:device:authw:0x0(0):shield:0x7ffb"}], "id": "1793_1794", "label": "shield:authw:0x0(0):0x7ffb:Window:device"}, {"children": [{"children": [{"children": [{"id": 244, "label": "digest:label::defaul"}, {"id": 23, "label": "digest:label::defaul"}], "id": "23_244", "label": ":label:digest:defaul"}, {"children": [{"children": [{"children": [{"children": [{"id": 26, "label": "digest:acl_fi:/var/d"}, {"id": 247, "label": "digest:acl_fi:/var/d"}], "id": "26_247", "label": "/var/d:acl_fi:digest"}, {"children": [{"children": [{"children": [{"id": 248, "label": "digest:digest:uid=0"}, {"id": 27, "label": "digest:digest:uid=0"}], "id": "27_248", "label": "uid=0:digest"}, {"children": [{"id": 250, "label": "digest:digest:init:reques"}, {"id": 29, "label": "digest:digest:init:reques"}], "id": "29_250", "label": "init:reques:digest"}], "id": "248_250", "label": "digest"}, {"children": [{"id": 249, "label": "digest:digest:netr:probe:0"}, {"id": 28, "label": "digest:digest:netr:probe:0"}], "id": "28_249", "label": "0:probe:netr:digest"}], "id": "249_250", "label": "digest"}], "id": "247_248", "label": "digest"}, {"children": [{"id": 24, "label": "digest:dbname:od:/Lo"}, {"id": 245, "label": "digest:dbname:od:/Lo"}], "id": "24_245", "label": "od:dbname:digest:/Lo"}], "id": "245_248", "label": "digest"}, {"children": [{"id": 25, "label": "digest:mkey_f:/var/d"}, {"id": 246, "label": "digest:mkey_f:/var/d"}], "id": "25_246", "label": "/var/d:mkey_f:digest"}], "id": "245_246", "label": "digest"}], "id": "244_248", "label": "digest"}, {"children": [{"id": 251, "label": "digest:digest:init:return:domain:VOLTRO:server:VOLTRO:indoma:was::<NULL>"}, {"id": 30, "label": "digest:digest:init:return:domain:VOLTRO:server:VOLTRO:indoma:was::<NULL>"}], "id": "30_251", "label": ":domain:return:<NULL>:indoma:VOLTRO:server:init:was:digest"}], "id": "250_251", "label": "digest"}, {"children": [{"id": 1648, "label": "com.ap:Handle:prefli:failed:for:WiFi:device:0x4-fe:0xe800:Ignori:device"}, {"id": 1686, "label": "com.ap:Handle:prefli:failed:for:WiFi:device:0x5-fe:0xe800:Ignori:device"}], "id": "1648_1686", "label": "0xe800:Handle:for:WiFi:prefli:failed:device:Ignori:com.ap"}, {"children": [{"id": 1496, "label": "System:Prefer:view:servic:marsha:for:<NSRem:0x7fe7:failed:to:forget:access:connec:due:to:Error:Domain:Code=4:\"Could:commun:with:a:helper:applic:(The:connec:was:invali:from:this:proces:UserIn:{NSDeb:connec:was:invali:from:this:proces"}, {"id": 1860, "label": "Previe:view:servic:marsha:for:<NSRem:0x7f93:failed:to:forget:access:connec:due:to:Error:Domain:Code=4:\"Could:commun:with:a:helper:applic:(The:connec:was:invali:from:this:proces:UserIn:{NSDeb:connec:was:invali:from:this:proces"}], "id": "1496_1860", "label": "forget:helper:failed:connec:(The:UserIn:commun:invali:due:access:to:marsha:<NSRem:\"Could:was:applic:{NSDeb:proces:Error:from:with:a:Domain:for:this:Code=4:servic:view"}, {"children": [{"id": 1722, "label": "sudo[4:brifor:::TTY=tt:;:PWD=/U:;:USER=r:;:COMMAN:instal:afrrul"}, {"id": 1661, "label": "sudo[4:brifor:::TTY=tt:;:PWD=/U:;:USER=r:;:COMMAN:instal:psycop"}, {"id": 1719, "label": "sudo[4:brifor:::TTY=tt:;:PWD=/U:;:USER=r:;:COMMAN:instal:psycop"}], "id": "1661_1719", "label": ":sudo[4:TTY=tt:psycop:brifor:instal:;:COMMAN:PWD=/U:USER=r"}, {"children": [{"children": [{"id": 554, "label": "UserEv:Captiv:[CNInf:en0::SSID:'CLICK:making:interf:primar:(cache:indica:networ:not:captiv"}, {"id": 35, "label": "UserEv:Captiv:[CNInf:en0::SSID:'hhono:not:making:interf:primar:(cache:captiv:networ"}, {"id": 556, "label": "UserEv:Captiv:en0::Not:probin:'CLICK:(cache:indica:not:captiv"}], "id": "35_554", "label": ":(cache:SSID:[CNInf:Captiv:captiv:en0:UserEv:primar:not:making:interf:networ"}, {"children": [{"children": [{"id": 227, "label": "UserEv:Captiv:Unknow:(websh:died)"}, {"id": 501, "label": "UserEv:Captiv:Online:(websh:succes"}], "id": "227_501", "label": "(websh:UserEv:Captiv"}, {"children": [{"children": [{"id": 198, "label": "UserEv:Captiv:en0::Redire:detect:on:'hhono"}, {"id": 479, "label": "UserEv:Captiv:en0::WISPr:detect:on:'hhono"}], "id": "198_479", "label": ":on:detect:'hhono:en0:UserEv:Captiv"}, {"children": [{"children": [{"id": 9, "label": "UserEv:Captiv:CNPlug:en0::Inacti"}, {"id": 555, "label": "UserEv:Captiv:CNPlug:en0::Evalua"}, {"id": 557, "label": "UserEv:Captiv:CNPlug:en0::Authen"}], "id": "555_557", "label": ":en0:UserEv:CNPlug:Captiv"}, {"children": [{"id": 200, "label": "UserEv:Captiv:CNPlug:en0::Presen:(__BUI"}, {"id": 36, "label": "UserEv:Captiv:CNPlug:en0::Mainta:(__BUI"}, {"id": 38, "label": "UserEv:Captiv:CNPlug:en0::Authen:(__BUI"}, {"id": 199, "label": "UserEv:Captiv:CNPlug:en0::Authen:(__BUI"}], "id": "199_200", "label": ":(__BUI:en0:UserEv:CNPlug:Captiv"}, {"id": 37, "label": "UserEv:Captiv:en0::Mainta:'hhono"}], "id": "200_557", "label": ":en0:UserEv:CNPlug:Captiv"}], "id": "37_479", "label": ":en0:UserEv:Captiv"}, {"id": 201, "label": "UserEv:Captiv:en0::Launch:Webshe:on:SSID:hhonor:with:URL:\"http:"}], "id": "501_557", "label": "UserEv:Captiv"}, {"id": 196, "label": "UserEv:Captiv:[wispr:Ignori:LoginU:couldn:find:text:entry"}, {"id": 197, "label": "UserEv:Captiv:[wispr:Missin:requir:parame:LoginU"}], "id": "35_479", "label": "UserEv:Captiv"}, {"children": [{"id": 195, "label": "Calend:[com.a:[Addin:[<CalD:0x7fd8:Sequen:0>]:to:failed:operat"}, {"id": 494, "label": "Calend:[com.a:[Addin:[<CalD:0x7fd8:Sequen:0>]:to:failed:operat"}, {"id": 535, "label": "Calend:[com.a:[Addin:[<CalD:0x7fd8:Sequen:0>]:to:failed:operat"}], "id": "494_535", "label": "[<CalD:0x7fd8:to:Sequen:[Addin:Calend:failed:[com.a:0>]:operat"}, {"children": [{"children": [{"id": 1857, "label": "com.ap:assert:failed:13A603:liblau:+:25164:[FCBF0:0x25"}, {"id": 846, "label": "com.ap:assert:failed:13A603:liblau:+:25164:[FCBF0:0x25"}], "id": "846_1857", "label": "liblau:+:25164:0x25:assert:failed:[FCBF0:13A603:com.ap"}, {"children": [{"id": 1315, "label": "xpcpro:assert:failed:13A603:xpcpro:+:3438:[EE781:0x2"}, {"id": 1669, "label": "xpcpro:assert:failed:13A603:xpcpro:+:3438:[EE781:0x2"}, {"id": 1606, "label": "xpcpro:assert:failed:13A603:xpcpro:+:3438:[EE781:0x2"}, {"id": 1801, "label": "xpcpro:assert:failed:13A603:xpcpro:+:3438:[EE781:0x2"}, {"id": 906, "label": "xpcpro:assert:failed:13A603:xpcpro:+:3438:[EE781:0x2"}, {"id": 1134, "label": "xpcpro:assert:failed:13A603:xpcpro:+:3438:[EE781:0x2"}, {"id": 1369, "label": "xpcpro:assert:failed:13A603:xpcpro:+:3438:[EE781:0x2"}, {"id": 714, "label": "xpcpro:assert:failed:13A603:xpcpro:+:3438:[EE781:0x2"}], "id": "1669_1801", "label": "3438:0x2:xpcpro:assert:failed:[EE781:13A603:+"}], "id": "1801_1857", "label": "assert:failed:+:13A603"}, {"children": [{"children": [{"id": 40, "label": "Things:networ:reacha:has:change:reacha"}, {"id": 12, "label": "Things:networ:reacha:has:change:not:reacha"}], "id": "12_40", "label": "Things:has:reacha:networ:change"}, {"children": [{"children": [{"id": 34, "label": "config:networ:change:DNS*:Proxy"}, {"children": [{"id": 617, "label": "config:networ:change:v4(en0:DNS-:Proxy-"}, {"id": 11, "label": "config:networ:change:v4(en0:DNS-:Proxy-:SMB-"}], "id": "11_617", "label": "networ:v4(en0:DNS-:Proxy-:config:change"}], "id": "34_617", "label": "config:networ:change"}, {"children": [{"id": 558, "label": "config:networ:change:v4(en0:DNS+:Proxy+:SMB"}, {"id": 39, "label": "config:networ:change:v4(en0:DNS+:Proxy+:SMB+"}], "id": "39_558", "label": "networ:v4(en0:DNS+:config:Proxy+:change"}], "id": "558_617", "label": "config:networ:change"}], "id": "40_617", "label": "networ:change"}], "id": "Root", "label": "Root"}